Date,authorName,tweetText
2019-02-10 00:52:15,SPXpoints,"AAPL needs to break 171. If can, 171, 174, 175, 177, 179, 183. #aapl #applestock Education only!"
2019-02-09 21:01:10,Fred Jones-West,Apple Sued Over Not Letting Customers Disable Two-Factor Authentication After Two Weeks https://t.co/KUgbvLGy9N #AAPL
2019-02-09 17:55:32,Fred Jones-West,"Apple Expands Availability of Refurbished 2018 MacBook Air, Mac Mini to U.S. and Canada https://t.co/wViuQ0DRfA #AAPL"
2019-02-09 17:32:33,HotHardware,Longer #iPhone Upgrade Cycle Is Now One Of #Apple‚Äôs Biggest #SelfInduced Problems https://t.co/4DjrQF25Wb via‚Ä¶ https://t.co/45AaLQL8f9
2019-02-09 16:50:00,TradingView Espa√±ol,#AAPL - AAPL  - TradingView - https://t.co/YQWuY67pnQ
2019-02-09 16:31:10,Precision Capital Investments Group,i know people love aapl  - #AAPL chart https://t.co/OyWPMgRjk0
2019-02-09 14:26:22,Chris Hong,"Why does Apple #AAPL repeatedly push ""you don‚Äôt have sufficient space to backup my iPad"" notifications and suggesti‚Ä¶ https://t.co/bnPEsAqdap"
2019-02-09 11:35:49,Parth shanker Upadhyaya,"Forex Best profits signals.üí•

For Free signals, join telegram- https://t.co/FrU2cwTmN3

#TSLA #USO #BTC‚Ä¶ https://t.co/X3AoLPJ8uH"
2019-02-09 07:52:27,Stock Investor,"Should You Buy Apple Stock in February?

https://t.co/wuUfyuxXAN

#AAPL #Apple #NASDAQ #NYSE #DowJones‚Ä¶ https://t.co/QLM0AIgbk9"
2019-02-09 07:10:55,TheExtraIncome,"On Wednesday, 30,  we have detected new Low/High Alert limit for #AAPL of $153 / $167. #TradingRange #StockPicks Fo‚Ä¶ https://t.co/EAXQAoxM5u"
2019-02-09 02:58:02,CoinCaps.ai,"#apple‚Äôs #iphone #woes are #over, but are #aapl #shares really out of the #woods? 
#instacryptocurrency‚Ä¶ https://t.co/c8YltEBtHy"
2019-02-09 02:15:07,SWIFT Unlock SWIFTUNLOCK.COM |#1 USA Direct Source,"Check February 08, 2019 at 09:15PM, Still Looking for #ALPHA ? Make $10 in BitCoin https://t.co/XIwmJpZSAB #roku‚Ä¶ https://t.co/byAG6d8clx"
2019-02-09 01:09:00,Parichay Sidana,"Forex Best profits signals.

For Free signals, join telegram- https://t.co/zSPsEcn0uC

#USO #TSLA #AMZN #CRON #AAPL‚Ä¶ https://t.co/vVz3TWqfTy"
2019-02-09 00:42:22,Griffin Mohsen,"Forex Best profits signals.üí•

For more info, Join Telegram- https://t.co/57gJJ2acqI

#FB #AMZN #forex #forexsignals‚Ä¶ https://t.co/JZtmZLd4Nw"
2019-02-09 00:28:01,FOREX Sara,"Forex Best profits signals.

Don't miss your chance, join telegram- https://t.co/kevv7iTLxh

#USO #AAPL #FB #forex‚Ä¶ https://t.co/8tLCAtmhbs"
2019-02-09 00:08:20,Himani chopra,"Forex Best profits signals.üî•

For Free signals, join telegram- https://t.co/rydHCeCrJ0

#forexsignals #USO #TRX‚Ä¶ https://t.co/utPnHV0pUJ"
2019-02-08 22:01:22,Apple Stock Bot,"Apple Inc price at close, 2019-02-08, is 170.41. #apple #AAPL"
2019-02-08 21:02:49,Tradelogsite,"#AAPL
Open: 168.99
Close: 170.21
Daily Range: 168.42 - 170.66
Earnings date: Apr 29, 2019 - May 3, 2019"
2019-02-08 20:15:31,Fred Jones-West,Apple Reportedly Advised Technicians to Push iPhone Upgrades to Customers With Out-of-Warranty Devices https://t.co/imwwqJECiD #AAPL
2019-02-08 19:43:45,ElliottWaves,All 78 instruments 1 hour charts are updated for members viewing https://t.co/x2kmaKA6Ui    #Indices #Stocks #ETF's‚Ä¶ https://t.co/x2FJVcQ5PR
2019-02-08 19:42:13,ElliottWaves,Group 2 instruments  1 hour charts  are updated  for members viewing #ElliottWave #ES_F #NQ_F #TF_F #AAPL #PA_F‚Ä¶ https://t.co/MYMCUxqoB6
2019-02-08 19:41:14,Alcuin Bramerton,#USA #media: #Amazon founder #JeffBezos claims he is the victim of #extortion &amp; #blackmail by #NationalEnquirer.‚Ä¶ https://t.co/e1clKFwZ72
2019-02-08 19:10:13,Fred Jones-West,MacRumors Giveaway: Win a Jackery Portable Power Station Explorer 240 https://t.co/qRaxdBHTfi #AAPL
2019-02-08 18:55:19,Fred Jones-West,Deals Spotlight: AT&amp;T Discounting Apple's Silicone and Leather iPhone Cases to Just $5 https://t.co/lLMuaydJm1 #AAPL
2019-02-08 17:55:16,ElliottWaves,Group 3 #Stocks &amp; #ETF's   1 hour charts are updated  for members viewing #ElliottWave #BTC #AAPL #XOM #BAC #AMZN‚Ä¶ https://t.co/KONCNh2AlW
2019-02-08 17:17:43,Fred Jones-West,Apple Begins Selling Refurbished 2018 MacBook Air and Mac Mini Starting in UK https://t.co/1LLVoKAEki #AAPL
2019-02-08 17:09:48,John Taylor,"RT @altcoingazette: USA Technologies (USAT) $3.40 -$3.49 (-50.65%) oversold @$3.37?
https://t.co/RLYK6Fifkw ‚Ä¶ ‚Ä¶ ‚Ä¶ ‚Ä¶ ‚Ä¶ ‚Ä¶ ‚Ä¶ ‚Ä¶ ‚Ä¶
@altcoingazet‚Ä¶"
2019-02-08 17:06:56,John Taylor,"Dow Jones posed for a 50%-60% crash soon? Crash by Feb 19 2019? 
https://t.co/RLYK6Fifkw ‚Ä¶ ‚Ä¶ ‚Ä¶ ‚Ä¶ ‚Ä¶ ‚Ä¶ ‚Ä¶ ‚Ä¶ ‚Ä¶‚Ä¶ https://t.co/ABpaZhmMi5"
2019-02-08 16:06:04,Alcuin Bramerton,"#UK: Fourteen-year-old Molly Russell killed herself in 2017. Her father, Ian Russell, blamed the #algorithms used b‚Ä¶ https://t.co/bBeP4ZH6I0"
2019-02-08 15:49:51,A. M.,Twitter #TWTR may test mid $25s before recovery. Looks like it's following #Apple #AAPL in the last few months.‚Ä¶ https://t.co/XrSOV9vy1F
2019-02-08 15:44:16,Steve Carr,I said buy #aapl at $147.00 a share. Steve Magnificent on YouTube https://t.co/Z83rKIHDWc
2019-02-08 15:25:10,Mike Janes,"""@Apple Teams Up With @JNJNews to Help Prevent Strokes"" via @FoxBusiness @cyberguy @MikhailVarshav8 #AAPL‚Ä¶ https://t.co/DmMhAGMMDk"
2019-02-08 14:49:34,HotHardware,#Apple Confirms Teen Who Discovered #GroupFaceTime Bug Will Get Paid A Bounty https://t.co/MMXbLz8deZ via @HotHardware #FaceTime #AAPL
2019-02-08 14:22:21,Modest Returns,"Opening up as an Inside day. Very little opportunity in the open. #patience 

#trading #DayTrading #options #stocks‚Ä¶ https://t.co/lMbBUuyKAh"
2019-02-08 14:15:34,Fred Jones-West,"Apple Shares New Memoji Ads Featuring Ariana Grande, Khalid, and Florida Georgia Line https://t.co/LjyK5pD2B2 #AAPL"
2019-02-08 13:40:40,HotHardware,#Apple Confirms Teen Who Discovered Group #FaceTime #Bug Will Get Paid A #Bounty https://t.co/3KWpwH9l6Q via‚Ä¶ https://t.co/LiUCWwLjxR
2019-02-08 13:37:53,Ron Giese,#RT #Giveaway #win #contest #ContestAlert #Apple #appleNews #appleEvent #AAPL #LetsGoOilers #McDavid #GoOilersGo‚Ä¶ https://t.co/noc7gcyrNM
2019-02-08 13:37:34,Ron Giese,#RT #Giveaway #win #contest #ContestAlert #Apple #appleNews #appleEvent #AAPL #LetsGoOilers #McDavid #GoOilersGo‚Ä¶ https://t.co/xuJDyp6CHL
2019-02-08 13:36:45,Ron Giese,#RT #Giveaway #win #contest #ContestAlert #Apple #appleNews #appleEvent #AAPL #FridayMotivation  iDrop News is givi‚Ä¶ https://t.co/sjkTDKF3K4
2019-02-08 13:36:23,Ron Giese,#RT #Giveaway #win #contest #ContestAlert #Apple #appleNews #appleEvent #AAPL #FridayMotivation  iDrop News is givi‚Ä¶ https://t.co/70nlF7KtaG
2019-02-08 13:35:21,Fred Jones-West,Texas Software Engineer Daven Morris Also Reported FaceTime Bug to Apple One Day Before it Made Headlines https://t.co/TIbx4phCwU #AAPL
2019-02-08 13:19:31,Young Simon,"Forex Best profits signals.üí•

For Free crypto signals https://t.co/Lbb0FwJIdV

#BTT #fx #UNG #GLD #CRON #forex #OIL‚Ä¶ https://t.co/ZKX4bWMp9R"
2019-02-08 13:06:20,Fred Jones-West,AT&amp;T Sued by Sprint for Misleading '5GE' Branding https://t.co/67KtDQ3j64 #AAPL
2019-02-08 12:50:49,Aashraya Yogi,"Forex Best profits signals.üí•

For Free signals, join telegram- https://t.co/WySo0i6oGj

#BTC #OIL #UNG #fx #TSLA‚Ä¶ https://t.co/EPLjbr5rta"
2019-02-08 12:25:07,Fred Jones-West,Google Researchers Say Hackers Exploited Two Zero-Day Vulnerabilities Patched in Apple's iOS 12.1.4 Update https://t.co/zQcYMPrWdI #AAPL
2019-02-08 12:23:56,Nancy Giese,#RT #ContestAlert #giveaway #contest #sweeps #win #AI #apple #appleNews #AppleEvent #AAPL #LetsGoOilers #SOTU‚Ä¶ https://t.co/7eycvhO4TY
2019-02-08 12:23:39,Nancy Giese,#RT #ContestAlert #giveaway #contest #sweeps #win #AI #apple #appleNews #AppleEvent #AAPL #LetsGoOilers #SOTU‚Ä¶ https://t.co/DR8d2ZLYrv
2019-02-08 12:23:22,Nancy Giese,#RT #Giveaway #win #contest #ContestAlert #Apple #appleNews #appleEvent #AAPL #LetsGoOilers #McDavid #GoOilersGo‚Ä¶ https://t.co/SXRmSmm8Qo
2019-02-08 12:20:23,Parth shanker Upadhyaya,"Forex Best profits signals.üí•

For more signals,join telegram- https://t.co/FrU2cwTmN3

#USO #GOOG #TSLA #CRON #OIL‚Ä¶ https://t.co/3qoPCCxcZp"
2019-02-08 12:07:41,Riyadh Arman Karim,168!!!! MORE LOW #AAPL chart https://t.co/lcSrpj0fXI via https://t.co/XxRZdlrOaT
2019-02-08 11:43:59,Parichay Sidana,"Forex Best profits signals.üí•

Free crypto telegram channel, join https://t.co/zSPsEcn0uC

#AAPL #BTT #fx #OIL #FB‚Ä¶ https://t.co/1HRou8XA4l"
2019-02-08 11:20:05,Chris Will,"RT @coolchandra: Unless #BOEING  breaks parabolic move &amp; attempts to fill gap, I am sceptical about #spy #spx #es_f reversing.  #BA is the‚Ä¶"
2019-02-08 11:18:47,Modest Returns,"Unless #BOEING  breaks parabolic move &amp; attempts to fill gap, I am sceptical about #spy #spx #es_f reversing.  #BA‚Ä¶ https://t.co/gUqyuyFso1"
2019-02-08 11:13:25,Griffin Mohsen,"Forex Best profits signals.

For more info, join telegram https://t.co/57gJJ2acqI

#AMZN #forex #UNG #USO #AAPL #FB‚Ä¶ https://t.co/7fYo8txHUp"
2019-02-08 10:54:06,FOREX Sara,"Forex Best profits signals.üî•

For more info, join telegram https://t.co/kevv7iTLxh

#CRON #AAPL #TRX #BTC #UNG #FB‚Ä¶ https://t.co/rIr3jya8LX"
2019-02-08 10:41:13,Himani chopra,"Forex Best profits signals.üî•

For more info, Join Telegram- https://t.co/rydHCeCrJ0

#forexsignals #TSLA #BTT #UNG‚Ä¶ https://t.co/GkYLjoawsP"
2019-02-08 10:05:14,Fred Jones-West,Popular Weather App 'Dark Sky' Gains Dark Mode https://t.co/1MpPTw6ZLh #AAPL
2019-02-08 08:31:19,TradingCoachen,The Value Investor v.6 Rapportspecial. #Netflix #Apple #LVMH #AAPL #NFLX #MC #b√∂rsen #aktier #analys https://t.co/qX5ASdqZme
2019-02-08 04:46:03,StockRockandRoll.com‚Ñ¢,"RT @TopMarketGainer: ü§ëüëå#QBIO | #QBioMed on High Alert! üí•üöÄ

#ge #amd #px #spy #qqq #aapl #eem #pcg #amrn #sqqq #mnga #bac #xlf #f #acb #chk‚Ä¶"
2019-02-08 04:29:30,CryptoCurrencyAlerts‚Ñ¢,"RT @TopMarketGainer: ü§ëüëå#QBIO | #QBioMed on High Alert! üí•üöÄ

#ge #amd #px #spy #qqq #aapl #eem #pcg #amrn #sqqq #mnga #bac #xlf #f #acb #chk‚Ä¶"
2019-02-08 04:28:55,TopMarketGainers‚Ñ¢,"ü§ëüëå#QBIO | #QBioMed on High Alert! üí•üöÄ

#ge #amd #px #spy #qqq #aapl #eem #pcg #amrn #sqqq #mnga #bac #xlf #f #acb‚Ä¶ https://t.co/hEEiv8Ews2"
2019-02-08 02:15:08,SWIFT Unlock SWIFTUNLOCK.COM |#1 USA Direct Source,"Check February 07, 2019 at 09:15PM, Still Looking for #ALPHA ? Make $10 in BitCoin https://t.co/XIwmJpZSAB #roku‚Ä¶ https://t.co/pNHPbE3hMW"
2019-02-08 01:31:01,Fred Jones-West,Apple CEO Tim Cook to Deliver Commencement Speech to Tulane Graduates in May https://t.co/rOVsiZOgxr #AAPL
2019-02-08 01:21:13,bctrades,#es_f let‚Äôs see if 2680 holds tomorrow #spy #spx #aapl #ba #amzn https://t.co/BxNc7501k3
2019-02-07 23:55:33,ZeeInn,"@jedimarkus77 My replacement 7 is just 6 months old, dies like a 2003 Razr. (The first 7 just went blank screen, no power ü•¥) #AAPL"
2019-02-07 23:19:52,StockRockandRoll.com‚Ñ¢,"RT @TopMarketGainer: $QBIO back on high alert; shows +68pct Upside Potential!

View our INTERACTIVE CHART on TV: https://t.co/2yUSXCuMPv

#‚Ä¶"
2019-02-07 23:16:30,CryptoCurrencyAlerts‚Ñ¢,"RT @TopMarketGainer: $QBIO back on high alert; shows +68pct Upside Potential!

View our INTERACTIVE CHART on TV: https://t.co/2yUSXCuMPv

#‚Ä¶"
2019-02-07 23:15:47,TopMarketGainers‚Ñ¢,"$QBIO back on high alert; shows +68pct Upside Potential!

View our INTERACTIVE CHART on TV: https://t.co/2yUSXCuMPv‚Ä¶ https://t.co/XQPl4K1jb0"
2019-02-07 22:18:36,AutochartistForTraders,"#Autochartist #AAPL #BigMovement #Bearish 
Apple Inc. experienced a 12.97% bullish movement in the last 13 days.‚Ä¶ https://t.co/TXkzb5SVxg"
2019-02-07 22:15:28,Fred Jones-West,Apple Forces Developers to Remove Screen Recording Code From iOS Apps https://t.co/iL3dj7jlle #AAPL
2019-02-07 22:04:06,Apple Stock Bot,"Apple Inc price at close, 2019-02-07, is 170.94. #apple #AAPL"
2019-02-07 21:45:32,Fred Jones-West,Apple Hires Obstetrician for Health Team to Bolster Women's Health Efforts https://t.co/6xbaEm9fjg #AAPL
2019-02-07 21:35:20,Fred Jones-West,Netflix Launches 'Smart Downloads' for Streamlined Access to Offline Content https://t.co/dEYx7QPcfD #AAPL
2019-02-07 21:10:57,TheExtraIncome,"On Wednesday, 30,  we have detected new Low/High Alert limit for #AAPL of $153 / $167. #TradingRange #StockPicks Fo‚Ä¶ https://t.co/hPhIJYt40a"
2019-02-07 20:42:29,Redbox Global,Not that #AAPL's stock seemed to mind https://t.co/3iwe9sVzNY
2019-02-07 20:26:25,MarketSwingPlayer,"... No disrespect, just tells me they're not ready for the millionaire or billionaire level yet, Nothing wrong with‚Ä¶ https://t.co/EAR1OswYcA"
2019-02-07 20:24:19,MarketSwingPlayer,"Nice little setup, gave the traders a nice pretty candle to short... LOL #AAPL Then took out the rocket. How many g‚Ä¶ https://t.co/sPHbfY9BBt"
2019-02-07 20:18:47,MarketSwingPlayer,#AAPL Nice $10 run in a week -The battle of the Trend Lines vs MM's vs Institutional Traders. MSP ALGO won again.ü§£L‚Ä¶ https://t.co/GyVjUmZvSG
2019-02-07 20:16:26,Fred Jones-West,"Apple Highlights Depth Control on iPhone XS, XS Max, and XR in New Video https://t.co/PxoHX8cFKZ #AAPL"
2019-02-07 20:12:45,j. Capital Management,"Daily Report Card - chased one the wrong way but was able to refocus and take a much better second trade. Practice,‚Ä¶ https://t.co/lWmcuEBIRm"
2019-02-07 20:11:37,John Taylor,"Westrock Company (WRK) 37.79 -0.85 (-2.20%) looks way oversold?
https://t.co/QSbgNseLRR
@altcoingazette‚Ä¶ https://t.co/o2ONJVRFKx"
2019-02-07 20:11:02,Fred Jones-West,"Apple's iOS 12.1.4 Update Also Fixes Live Photos Vulnerability, FaceTime Bug Reporter to Receive Bounty and Gift To‚Ä¶ https://t.co/H1cnkfxRy9"
2019-02-07 19:50:27,Fred Jones-West,Future HomePod Could Feature 3D Hand Gestures and Face ID https://t.co/zGxR9TmDGn #AAPL
2019-02-07 19:44:30,Vizzini,". @Apple #AAPL Gives Deep State Access To Roger Stone's iCloud Account, After Refusing To Violate Privacy of San Be‚Ä¶ https://t.co/6YtGt3iFtr"
2019-02-07 19:41:28,MarketBeat,Apple releases update to prevent FaceTime eavesdropping $AAPL #AAPL #Technology #Smartphones #Mobilephones https://t.co/43ETW3iqjx
2019-02-07 19:41:25,MarketBeat,Apple releases update to prevent FaceTime eavesdropping $AAPL #AAPL #Technology #Smartphones #Mobilephones https://t.co/fRLurF9fDj
2019-02-07 19:35:28,Fred Jones-West,Deals Spotlight: B&amp;H Photo Discounts 256GB 11-Inch Wi-Fi iPad Pro to $799 https://t.co/P1uoiz0ZDZ #AAPL
2019-02-07 19:34:56,Helen Raleigh,"RT @NationalCenter: ""Having the 'ideological #diversity' proposal on Apple shareholders‚Äô ballots is a big win for Danhof, the FEP, and cons‚Ä¶"
2019-02-07 19:18:43,Matt C. P.,Apple Inc is doomed. $AAPL dropped by 1.8193%! Currently priced at 171.0701. https://t.co/HoqF250XDs #AAPL
2019-02-07 19:15:21,Mike Janes,#AAPL @Apple Services https://t.co/DobniRNsAk
2019-02-07 19:05:11,John Taylor,"Societe Generale Spo (SCGLY) 5.6000 -0.3750 (-6.28%) looks way oversold @ $5.60!
https://t.co/5k7S5y6jsp‚Ä¶ https://t.co/4ypBYJxjIv"
2019-02-07 19:00:26,John Taylor,"Range Resources Corp (RRC) 9.62 -0.53 (-5.18%) looks way oversold @ $9.62!
 https://t.co/SYvhNbIloO
@altcoingazette‚Ä¶ https://t.co/bVZ4L4yNho"
2019-02-07 18:56:02,Ryan Rapaport,Just in case you were wondering where #cannabis lies in the conscience of global millennials: Aurora Cannabis Inc.‚Ä¶ https://t.co/wrkEUXvHV5
2019-02-07 18:54:55,John Taylor,"CNX Resources Corp (CNX) $10.03 -0.54 (-5.16%) looks way oversold @$10.03!
https://t.co/ldEco3Ug1u
@altcoingazette‚Ä¶ https://t.co/zVjKn468Zh"
2019-02-07 18:51:28,John Taylor,"Antero Resources Corp (AR) 8.83 -0.49 (-5.26%) looks way oversold @$8.83!
https://t.co/z0ITiEGg1j
@altcoingazette‚Ä¶ https://t.co/lgyhxe3AuI"
2019-02-07 18:49:34,PeeKnuckle,"RT @NationalCenter: ""It‚Äôs about time conservatives catch on, push back, and let our voice be heard. Danhof and the FEP just showed us how,""‚Ä¶"
2019-02-07 18:47:25,Project 21,"RT @NationalCenter: ""It‚Äôs about time conservatives catch on, push back, and let our voice be heard. Danhof and the FEP just showed us how,""‚Ä¶"
2019-02-07 18:47:17,Project 21,"RT @NationalCenter: ""Having the 'ideological #diversity' proposal on Apple shareholders‚Äô ballots is a big win for Danhof, the FEP, and cons‚Ä¶"
2019-02-07 18:47:00,National Center,"""It‚Äôs about time conservatives catch on, push back, and let our voice be heard. Danhof and the FEP just showed us h‚Ä¶ https://t.co/on3BR0ren8"
2019-02-07 18:46:33,John Taylor,"Crescent Pt Energy (CPG) 2.58 -0.13 (-4.98%) looks way oversold?
https://t.co/RLYK6Fifkw ‚Ä¶ ‚Ä¶ ‚Ä¶ ‚Ä¶ ‚Ä¶ ‚Ä¶ ‚Ä¶ ‚Ä¶ ‚Ä¶‚Ä¶ https://t.co/mXLw5ny2zK"
2019-02-07 18:45:49,National Center,"""Having the 'ideological #diversity' proposal on Apple shareholders‚Äô ballots is a big win for Danhof, the FEP, and‚Ä¶ https://t.co/RYNqoyCQ5c"
2019-02-07 18:25:05,Fred Jones-West,Apple's Group FaceTime Servers Back Online Following iOS 12.1.4 Launch https://t.co/QOJ0cnXQtz #AAPL
2019-02-07 18:10:37,Fred Jones-West,Apple Releases Updated Version of macOS Mojave 10.14.3 With Group FaceTime Bug Fix https://t.co/rrshdahFio #AAPL
2019-02-07 18:10:36,Fred Jones-West,iOS 12.1.4 Now Available With Group FaceTime Bug Fix https://t.co/6qaMmKidCZ #AAPL
2019-02-07 17:58:19,FJ,Almost everyone in the world that can afford an #iPhone already has one!  In case of a globally slowing economy...‚Ä¶ https://t.co/EQr7B1uiHT
2019-02-07 17:40:35,Jon Loftis,@technosucks $ is all that matters. #aapl
2019-02-07 17:21:20,Fred Jones-West,Apple Fixing FaceTime Eavesdropping Bug in iOS 12.1.4 Update Coming Today https://t.co/AVtlvsjnG4 #AAPL
2019-02-07 16:58:55,Sean Hyman,How These Four Stocks Could Cause Your Stocks To Sell-Off Too! https://t.co/ZadZl22RCv via @https://twitter.com/Sea‚Ä¶ https://t.co/fA5BZs0pGv
2019-02-07 16:42:38,THE J√úPITER-NETZMEDIEN,RT @HotHardware: #Apple Shifts In-House #Modem Dev Team To Big Leagues As It Preps #5G Push For #iPhones https://t.co/9dHAH4Vzws via @HotHa‚Ä¶
2019-02-07 16:40:18,HotHardware,#Apple Shifts In-House #Modem Dev Team To Big Leagues As It Preps #5G Push For #iPhones https://t.co/9dHAH4Vzws via‚Ä¶ https://t.co/YHb8NQ7F06
2019-02-07 16:30:52,John Taylor,"RT @altcoingazette: Dow Jones Rally Back to stall? 1930 next big leg down? 
https://t.co/RLYK6Fifkw ‚Ä¶ ‚Ä¶ ‚Ä¶ ‚Ä¶ ‚Ä¶ ‚Ä¶ ‚Ä¶
@altcoingazette  
https:/‚Ä¶"
2019-02-07 16:30:15,John Taylor,"RT @altcoingazette: Dow Jones posed for a 50%-60% crash soon? Crash by Feb 19 2019? 
https://t.co/RLYK6Fifkw ‚Ä¶ ‚Ä¶ ‚Ä¶ ‚Ä¶ ‚Ä¶ ‚Ä¶ ‚Ä¶ ‚Ä¶
@altcoingazett‚Ä¶"
2019-02-07 16:05:04,Official AAPL,"Interested in being a part of our Communication Team? Our next conference call is Thursday, February 21st at 11:00‚Ä¶ https://t.co/FnuukOGGhT"
2019-02-07 16:04:56,DIYElectricHydrofoil,"$aapl at resistance, if it tops and rolls over next 2 weeks bear market could start in broad market #aapl #apple"
2019-02-07 15:58:58,Nigam Arora,"IF YOU OWN APPLE, AMAZON, FACEBOOK OR #AMD, LOOK OUT BELOW $#AAPL $#AMZN $#FB‚Ä¶ https://t.co/DTUBv0CuM4 #stockmarket"
2019-02-07 15:46:26,Curtis D,Played very small today #AAPL https://t.co/MjyLALm7dM
2019-02-07 15:39:08,John Taylor,"USA Technologies (USAT) $3.40 -$3.49 (-50.65%) oversold @$3.37?
https://t.co/RLYK6Fifkw ‚Ä¶ ‚Ä¶ ‚Ä¶ ‚Ä¶ ‚Ä¶ ‚Ä¶ ‚Ä¶ ‚Ä¶ ‚Ä¶‚Ä¶ https://t.co/btaAxgLQzr"
2019-02-07 14:50:39,Fred Jones-West,"Toyota Expanding CarPlay to 2020 Tacoma, Tundra, Sequoia, and 4Runner as VW Debuts Wireless CarPlay in Europe https://t.co/7lBfV8jnpa #AAPL"
2019-02-07 14:29:23,Jason Brooks,"Market promising a deeper move into the red today, +#Dow -122, #NASDAQ -44. Lots of earns in , #TWTR topped on a st‚Ä¶ https://t.co/lLNSlnoVtE"
2019-02-07 14:14:08,A. M.,"Google needs twitter but so does Apple. Long on Twitter, if you're reading this tweet you know it's usefulness and‚Ä¶ https://t.co/8QTS09f55O"
2019-02-07 14:02:11,Warsnop,"FOREX update -

President Trumph addresses State of the Union! High volatility expected for USD and also for AUD‚Ä¶ https://t.co/6paPRfBdav"
2019-02-07 13:41:58,umesh,"$AAPL: looking pullback to buy.........
#investing #trading #daytrading #stockmarket #Elliottwave #elliottwave‚Ä¶ https://t.co/T5u7iWWwVb"
2019-02-07 13:30:59,Fred Jones-West,Apple Reportedly Shifts to In-House Modem Engineering Led by Johny Srouji https://t.co/DGjjG7eduX #AAPL
2019-02-07 13:30:16,Ron Giese,#RT #sotu #Pelosi #Nancy #Giveaway #win #contest #ContestAlert #Apple #appleNews #appleEvent #AAPL #LetsGoOilers‚Ä¶ https://t.co/ND3omPJ9Q0
2019-02-07 13:29:48,Ron Giese,#RT #ContestAlert #giveaway #contest #sweeps #win #AI #apple #appleNews #AppleEvent #AAPL #YearofThePig iDrop News‚Ä¶ https://t.co/1pWYE234z9
2019-02-07 13:27:34,Sahab Yazdan,"more than 21% up in almost a month;now there's potentials for a decline looms like in red line level @ $185?
#aapl‚Ä¶ https://t.co/Uq0FthaTDN"
2019-02-07 13:10:07,Fred Jones-West,Apple Pay Valentine's Day Promo Offers $15 Off at 1-800-Flowers https://t.co/mQe9VZA15Z #AAPL
2019-02-07 13:06:21,Average Apple Guy Ô£ø (Clinton Fitch),Apple Reclaims Title of Most Valuable Pubic Company - For Now #Apple #AAPL #MarketCap #FInacials‚Ä¶ https://t.co/o12By3qORH
2019-02-07 12:24:57,Nancy Giese,#RT #ContestAlert #giveaway #contest #sweeps #win #AI #apple #appleNews #AppleEvent #AAPL iDrop News is giving away‚Ä¶ https://t.co/dOXlm3Pa2i
2019-02-07 12:24:39,Nancy Giese,#RT #ContestAlert #giveaway #contest #sweeps #win #AI #apple #appleNews #AppleEvent #AAPL iDrop News is giving away‚Ä¶ https://t.co/R7c3kVt7Gz
2019-02-07 10:25:24,Fred Jones-West,Skype Gains Background Blurring Feature https://t.co/i3bccEnPYM #AAPL
2019-02-07 09:52:01,MarketSwingPlayer,üåé $AAPL  MSP Market Watchlist &amp; alerts Update.  1st signal long After  Hour drop near $145 on 1/4/18 MSP ALGO repor‚Ä¶ https://t.co/CQqTmYUpU5
2019-02-07 09:48:05,7rider,"Fortunately, Mountain View doesn't have a big tech company like Cupertino that causes major traffic jams due to inb‚Ä¶ https://t.co/PRG5DNX5Cn"
2019-02-07 08:03:21,FOREX Sara,"Forex Best profits signals.üí•

For Free signals, join telegram- https://t.co/kevv7iTLxh

#BTC #CRON #forexsignals‚Ä¶ https://t.co/TliLUQ5SiK"
2019-02-07 07:55:39,Griffin Mohsen,"Forex Best profits signals.üí•

For free signals, join telegram https://t.co/57gJJ2acqI

#USO #forex #TRX #fx #FB‚Ä¶ https://t.co/TKFfFXnddy"
2019-02-07 07:53:50,Himani chopra,"Forex Best profits signals.üî•

For 10x gains, join Telegram- https://t.co/rydHCeCrJ0

#AMZN #forex #BTT #OIL #UNG‚Ä¶ https://t.co/8jm79jVkMp"
2019-02-07 07:17:15,Aashraya Yogi,"Forex Best profits signals.üí•

For free signals, join telegram https://t.co/WySo0i6oGj

#BTT #BTC #forexsignals‚Ä¶ https://t.co/YnUrLtj2gi"
2019-02-07 07:14:03,Parth shanker Upadhyaya,"Forex Best profits signals.üî•

For Free crypto signals https://t.co/FrU2cwTmN3

#forexsignals #UNG #BTT #AMZN #GLD‚Ä¶ https://t.co/sHBDZC5OC4"
2019-02-07 06:40:31,Parichay Sidana,"Forex Best profits signals.üí•

Don't miss your chance, join telegram- https://t.co/zSPsEcn0uC

#OIL #UNG‚Ä¶ https://t.co/Tqd7Temp6W"
2019-02-07 06:10:07,Tradelogsite,"#AAPL
Open: 174.65
Close: 174.18
Daily Range: 172.85 - 175.57
Earnings date: Apr 29, 2019 - May 3, 2019"
2019-02-07 05:33:49,MarketSwingPlayer,Trading Tip: The most important thing to remember is pay attention when rocket alerts come out - The beginning of a‚Ä¶ https://t.co/Mu4D8SiBOj
2019-02-07 04:54:30,MarketSwingPlayer,ü§î $AAPL MSP Market Watch-list &amp; trade alerts Update.  1st signal long After Hour drop near $145 on 1/4/18 MSP ALGO‚Ä¶ https://t.co/vA7suWeATA
2019-02-07 04:42:32,Apple I Smart,Apple regained the position of the world‚Äôs most valuable company #AAPL #apple https://t.co/1fceNpmpOp
2019-02-07 03:28:35,FOREX Sara,"Forex Best profits signals.

For free signals, join telegram https://t.co/kevv7iTLxh

#OIL #USO #TSLA #BTT‚Ä¶ https://t.co/V0XD2KBMMr"
2019-02-07 03:22:02,Griffin Mohsen,"Forex Best profits signals.üí•

Free crypto telegram channel, join https://t.co/57gJJ2acqI

#GOOG #OIL #USO #GLD #TRX‚Ä¶ https://t.co/4BZtuQQ4IZ"
2019-02-07 03:20:54,Himani chopra,"Forex Best profits signals.

For Free signals, join telegram- https://t.co/rydHCeCrJ0

#TRX #UNG #USO #AMZN‚Ä¶ https://t.co/CX6V9Wteiz"
2019-02-07 03:07:35,Modest Returns,Parabolic move in #CRON is over. When #BA Follows similar path; mkt rally is temporarily over. Not yet ; but certai‚Ä¶ https://t.co/zofAfvqq5i
2019-02-07 03:07:11,MarketSwingPlayer,#NVDA Rocket Alert the other day - This is how we do it! Whoa! ü§ëRocket Alert #SPY $10 pop in 2 Days .  Seems like t‚Ä¶ https://t.co/wIAMHTH297
2019-02-07 02:50:38,Kevin Uhles,Apple Watch fall detection feature saves life of man in Norway üá≥üá¥  #AAPL  https://t.co/c3qLN5BcGj
2019-02-07 02:47:52,Aashraya Yogi,"Forex Best profits signals.

For Free signals, join telegram- https://t.co/WySo0i6oGj

#OIL #BTT #GOOG #fx #GLD‚Ä¶ https://t.co/6XZNtvqDDT"
2019-02-07 02:45:34,Parth shanker Upadhyaya,"Forex Best profits signals.

For more info, Join Telegram- https://t.co/FrU2cwTmN3

#UNG #OIL #GLD #FB #fx‚Ä¶ https://t.co/TgfRCw8NF3"
2019-02-07 02:27:47,Phil Marinucci Multimedia,"""Apple Once Again the Most Valuable Public Company in the World""  https://t.co/EnZ3TFPw1B #AAPL"
2019-02-07 02:22:59,eXWorld Technology News,"""Apple regains spot as most valuable US company as shares rebound""  https://t.co/IHrYwNPBD5 #AAPL"
2019-02-07 02:15:24,Modest Returns,Inside the cranium of #NFLX traders.. Why it will probably be stuck in this range for a while.  #trading‚Ä¶ https://t.co/eVPt948mm6
2019-02-07 02:15:18,Parichay Sidana,"Forex Best profits signals.üí•

For more signals,join telegram- https://t.co/zSPsEcn0uC

#GOOG #TSLA #forexsignals‚Ä¶ https://t.co/UjqHuaoWyB"
2019-02-07 02:15:05,SWIFT Unlock SWIFTUNLOCK.COM |#1 USA Direct Source,"Check February 06, 2019 at 09:15PM, Still Looking for #ALPHA ? Make $10 in BitCoin https://t.co/XIwmJpZSAB #roku‚Ä¶ https://t.co/P1l20At7Q7"
2019-02-07 02:08:16,Modest Returns,"If and When #NFLX reverses, 325 is possibility .  Strong buyers will make that difficult  #trading #DayTrading‚Ä¶ https://t.co/ppshBmFz4h"
2019-02-07 01:29:38,bctrades,"#es_f let‚Äôs see if it holds overnight, futures all red right now. #spy #spx #aapl #ba https://t.co/GCOiPxoWsG"
2019-02-07 00:55:40,Mike Janes,"""Their heart is in the right place, and in the tech world where there are still people doing the wrong thing at sca‚Ä¶ https://t.co/ClghKCgqK7"
2019-02-06 23:46:31,Fred Jones-West,Some Popular iPhone Apps Secretly Record Your Screen for Analytics Purposes https://t.co/o9vHKq4mVK #AAPL
2019-02-06 23:17:54,"David Coen ‚ö°[WTF is ""the Blockchain""?]",RT @thedavidcoen: It seems that with @AbraGlobal we'll have stocks on top of #Bitcoin. Amazing! Take a look: https://t.co/GJPgBYGWRL #AMZN‚Ä¶
2019-02-06 23:03:46,Quant,$AAPL major resistance directly overhead. Buy 163ish - #AAPL chart https://t.co/DirKHXdpCi
2019-02-06 22:45:28,Elf,#Apple Regains Crown as Most Valuable Company with Shares Climbing Back Up  https://t.co/t4sqbm5Bq3 #investing #aapl https://t.co/IMrC0HD4Ur
2019-02-06 22:21:13,Fred Jones-West,Newton Mail for iOS and Mac is Back for $50/Year https://t.co/l6luC5TX3h #AAPL
2019-02-06 22:03:51,Apple Stock Bot,"Apple Inc price at close, 2019-02-06, is 174.24. #apple #AAPL"
2019-02-06 22:02:25,Fred Jones-West,Apple Once Again the Most Valuable Public Company in the World https://t.co/XP5vdNCtG0 #AAPL
2019-02-06 21:38:32,Young Simon,"Forex Best profits signals.üî•

Don't miss your chance, join telegram- https://t.co/Lbb0FwJIdV

#GLD #USO #UNG #BTT‚Ä¶ https://t.co/GAqoKQnCa4"
2019-02-06 21:05:08,HotHardware,Researcher Discovers #macOS Keychain #Exploit But Won't Share Data With #Apple https://t.co/MBbIai3M3r via @HotHardware #security #Mac #AAPL
2019-02-06 20:31:42,Fred Jones-West,Apple Store at Natick Collection in Greater Boston Reopens February 16 https://t.co/cC4HgIFs8Q #AAPL
2019-02-06 20:01:52,Fred Jones-West,Apple Removes Useless 'Do Not Track' Feature From Latest Beta Versions of Safari https://t.co/rv0m0unsSv #AAPL
2019-02-06 19:21:25,Fred Jones-West,"macOS Keychain Security Flaw Discovered by Researcher, but Details Not Shared With Apple Over Bug Bounty Protest‚Ä¶ https://t.co/9l2OfxTqad"
2019-02-06 19:18:30,InteractiveSwingTrading,"""The real story is about the earnings, but not the fourth-quarter earnings. It's about the guidance. That has been‚Ä¶ https://t.co/tNHj77bxVP"
2019-02-06 19:12:46,Dinero Inteligente,"#AAPL #Apple 

Cook says Apple will ""elevate"" retail experience!"
2019-02-06 17:57:54,Fred Jones-West,Apple Releases Safari Technology Preview 75 With Bug Fixes and Performance Improvements https://t.co/ulymnGsU3E #AAPL
2019-02-06 17:36:07,Eric Homan,"#Askhalftime @HalftimeReport #Mobile #payments - #PYPL , #AAPL Pay, or #SQ ? How do they compare ?"
2019-02-06 17:27:42,Proactiveinvestors,"$AAPL Apple head of retail Angela Ahrendts steps down unexpectedly https://t.co/iKhuVuFZAD 
#AAPL #Apple"
2019-02-06 17:22:36,Fred Jones-West,Apple May Be Modifying iPhone 7 and iPhone 8 to Skirt German Sales Ban https://t.co/ed9khLkvN8 #AAPL
2019-02-06 17:03:04,Fred Jones-West,Some Users Report Adobe Premiere Pro Issue Causing Blown Out MacBook Pro Speakers https://t.co/YUfdeuYP5S #AAPL
2019-02-06 16:49:08,Zach Maloney,Stock Market been interesting lately #OptionsTrading #SPY #AAPL #FB #ROKU #AMZN
2019-02-06 16:29:14,Modest Returns,Itching to short BA - Parabolic Move. But POC (Yellow arrow) says to wait... another day or two to be safer to sell‚Ä¶ https://t.co/Y8HePWOpbH
2019-02-06 16:14:40,Dynamic Technical Advisors,"02/06/19 9:33:02 AM Trade Allocation $AAPL SS @ LMT 175  Stop: 177.67 Target: 166.27 
$AAPL #AAPL #Apple #AppleInc #Bearish #ShortSell"
2019-02-06 16:01:55,"David Coen ‚ö°[WTF is ""the Blockchain""?]",It seems that with @AbraGlobal we'll have stocks on top of #Bitcoin. Amazing! Take a look: https://t.co/GJPgBYGWRL #AMZN #AAPL #BABA #FB #KO
2019-02-06 15:51:37,Fred Jones-West,Apple Preemptively Sues 'Patent Troll' to Address Threats Over USB-Related Power Patents https://t.co/3OwiFuMFRj #AAPL
2019-02-06 15:05:49,Rui,"#Options #OptionsTrading  #AAPL #StockMarket #trading 

Enough  $AAPL for today. Look out for &gt;$1 movement later."
2019-02-06 15:04:46,Rui,"#Options #OptionsTrading  #AAPL #StockMarket #trading 

Closed Limit $AAPL FEB08 175 Put @$2.9"
2019-02-06 15:03:53,Rui,"#Options #OptionsTrading  #AAPL #StockMarket #trading 

Set Limit at $AAPL FEB08 175 Put @$2.9"
2019-02-06 15:03:18,Rui,"#Options #OptionsTrading  #AAPL #StockMarket #trading 

BTO $AAPL FEB08 175 Put @$2.79 https://t.co/2B6sRURi1H"
2019-02-06 14:57:26,Rui,"#Options #OptionsTrading  #AAPL #StockMarket #trading 

BTO $AAPL FEB08 175 Put @$2.24 / 2.38 , closed in few mins.‚Ä¶ https://t.co/PTLGNFHhy1"
2019-02-06 14:53:37,David G Zeiler ‚ö°Ô∏è,"I'm not sure it's fair to imply blame for slumping #iPhone sales in #China on #AngelaAhrendts in your headline, but‚Ä¶ https://t.co/z0JpgjIaTC"
2019-02-06 14:16:39,Fred Jones-West,Apple Maps Launches Revamped Data Collection Website https://t.co/8OrTt5d7Mr #AAPL
2019-02-06 13:55:59,Griffin Mohsen,"Forex Best profits signals.

For more info, Join Telegram- https://t.co/57gJJ2acqI

#AMZN #BTC #fx #CRON #FB #UNG‚Ä¶ https://t.co/3w9QsZzHmO"
2019-02-06 13:54:20,FOREX Sara,"Forex Best profits signals.üî•

For Free crypto signals https://t.co/kevv7iTLxh

#UNG #CRON #TRX #FB #BTC #USO #forex‚Ä¶ https://t.co/c6SZEfFIDO"
2019-02-06 13:54:15,Himani chopra,"Forex Best profits signals.

For free signals, join telegram https://t.co/rydHCeCrJ0

#fx #TSLA #GOOG #UNG #OIL‚Ä¶ https://t.co/VyziHqOyBi"
2019-02-06 13:41:28,Fred Jones-West,Spotify Reaches 96M Paid Subscribers Compared to Apple Music's 'Over 50 Million' https://t.co/0sGEps9O4k #AAPL
2019-02-06 13:32:43,Ron Giese,#RT #ContestAlert #giveaway #contest #sweeps #win #AI #apple #appleNews #AppleEvent #AAPL #LetsGoOilers #SOTU‚Ä¶ https://t.co/Uiu1OWg3eM
2019-02-06 13:32:23,Ron Giese,#RT #ContestAlert #giveaway #contest #sweeps #win #AI #apple #appleNews #AppleEvent #AAPL #LetsGoOilers #SOTU‚Ä¶ https://t.co/XZzvaUlYvz
2019-02-06 13:20:15,Modest Returns,#SPY #SPX #ES_F Entire Overnight trading inside Y'day regular trade hours. Likely to be a dull day. Understanding O‚Ä¶ https://t.co/XbGA1Hcm77
2019-02-06 13:11:36,Parth shanker Upadhyaya,"Forex Best profits signals.

For 10x gains, join Telegram- https://t.co/FrU2cwTmN3

#forex #AAPL #GOOG #BTT #TRX‚Ä¶ https://t.co/eOXQSbhfML"
2019-02-06 13:11:28,Aashraya Yogi,"Forex Best profits signals.üî•

For more signals,join telegram- https://t.co/WySo0i6oGj

#USO #FB #BTC #UNG #BTT‚Ä¶ https://t.co/pT7SgjNR3I"
2019-02-06 12:46:12,Parichay Sidana,"Forex Best profits signals.

For more signals,join telegram- https://t.co/zSPsEcn0uC

#fx #BTC #USO #OIL #UNG #GOOG‚Ä¶ https://t.co/xMhc9zrDTi"
2019-02-06 12:43:02,Proactive Investors,$AAPL Apple head of retail Angela Ahrendts steps down unexpectedly https://t.co/LyioYc305n via @proactive_UK  #AAPL‚Ä¶ https://t.co/0Qr2rQDW95
2019-02-06 12:31:29,Fred Jones-West,Apple Lists New 'Neymar Jr. Custom Edition' Beats Studio3 Wireless Headphones https://t.co/vdVq4hIJsf #AAPL
2019-02-06 12:16:39,Nancy Giese,#RT #ContestAlert #giveaway #contest #sweeps #win #AI #apple #appleNews #AppleEvent #AAPL #LetsGoOilers #SOTU‚Ä¶ https://t.co/BuVQzMRS9Q
2019-02-06 12:16:00,Nancy Giese,#RT #ContestAlert #giveaway #contest #sweeps #win #apple #appleNews #AppleEvent #AAPL #LetsGoOilers #SOTU‚Ä¶ https://t.co/MaJqkDXCmU
2019-02-06 12:15:38,Nancy Giese,#RT #ContestAlert #giveaway #contest #sweeps #win #AI #apple #appleNews #AppleEvent #AAPL #LetsGoOilers #SOTU‚Ä¶ https://t.co/elL2VFg9Wn
2019-02-06 09:27:47,FOREX Sara,"Forex Best profits signals.üî•

For Free signals, join telegram- https://t.co/kevv7iTLxh

#CRON #UNG #TSLA #BTT‚Ä¶ https://t.co/C739OjOtXu"
2019-02-06 09:24:53,Griffin Mohsen,"Forex Best profits signals.üí•

For Free signals, join telegram- https://t.co/57gJJ2acqI

#BTT #GLD #GOOG #forex #TRX‚Ä¶ https://t.co/GNeNsUbHXM"
2019-02-06 09:23:47,Himani chopra,"Forex Best profits signals.üî•

For more info, join telegram https://t.co/rydHCeCrJ0

#AMZN #OIL #GOOG #TSLA #forex‚Ä¶ https://t.co/pPew2Qbdkk"
2019-02-06 08:12:29,Dan Parks,Apple Accidentally Reveals Radical New iPhone #aapl #smhq https://t.co/hPLUiTYIRJ
2019-02-06 07:25:16,FOREX,APPLE. WONDERFUL BUY. - #AAPL chart https://t.co/4z9rbWj1q7
2019-02-06 06:22:13,SanctiGrail [‚ö°Ô∏è],I SAY! Hm... AAPL #TA #Trade #AAPL https://t.co/ine2eXKDL9
2019-02-06 06:19:52,LUKE,"RT @TrendSpider: Trading earnings with Technical analysis. Blog post on playing both sides with #AAPL #Apple as an example. 

Link: https:/‚Ä¶"
2019-02-06 05:55:50,Parth shanker Upadhyaya,"Forex Best profits signals.üí•

For Free signals, join telegram- https://t.co/FrU2cwTmN3

#GOOG #forex #USO‚Ä¶ https://t.co/tbuOedbIGB"
2019-02-06 05:52:55,Aashraya Yogi,"Forex Best profits signals.üí•

For more info, Join Telegram- https://t.co/WySo0i6oGj

#TSLA #UNG #fx #TRX #AMZN #GLD‚Ä¶ https://t.co/gZKVn3wrlU"
2019-02-06 05:49:04,a mart,@Apple profit looking maxed. Only dollar pool large enough to move the dial is global subscription TV. @Disney roll‚Ä¶ https://t.co/DfgOdmYCON
2019-02-06 05:28:54,Parichay Sidana,"Forex Best profits signals.

For 10x gains, join Telegram- https://t.co/zSPsEcn0uC

#fx #TSLA #AAPL #UNG #OIL #CRON‚Ä¶ https://t.co/COfVkhxwEx"
2019-02-06 05:19:22,ElliottWaves,All 78 instruments 1 hour charts are updated for members viewing https://t.co/x2kmaKA6Ui   #Indices #Stocks #ETF's‚Ä¶ https://t.co/CGwjmYJKDk
2019-02-06 04:40:22,James Owen,"Activist Goverment Apple-instigated mess has caused QCOM market cap to decline from over $110 billion in September,‚Ä¶ https://t.co/A9tjIRMdNi"
2019-02-06 03:47:46,ZL,RT @Trader_Mars: #AAPL - textbook reversal off the 200 week sma... forewarned is forearmed https://t.co/SA5QBOAKCD
2019-02-06 02:46:24,Fred Jones-West,What to Do If Your iPhone is Lost or Stolen https://t.co/OOZIABOEG4 #AAPL
2019-02-06 02:15:12,SWIFT Unlock SWIFTUNLOCK.COM |#1 USA Direct Source,"Check February 05, 2019 at 09:15PM, Still Looking for #ALPHA ? Make $10 in BitCoin https://t.co/XIwmJpIhc1 #roku‚Ä¶ https://t.co/K7WtPfs7Bu"
2019-02-06 02:05:45,daniela carolina alvarado,"RT @xer000: Forex Best profits signals.üî•

Free crypto telegram channel, join https://t.co/WySo0i6oGj

#CRON #OIL #forexsignals #AMZN #GLD #‚Ä¶"
2019-02-06 01:56:21,Mark Sigal,Angela Ahrendts Plans April Departure After Five Successful Years. #AAPL https://t.co/XG65OtMyYJ
2019-02-06 01:28:35,ElliottWaves,Group 2 instruments Daily Technical Video is available for members viewing #ElliottWave #ES_F #NQ_F #TF_F #AAPL‚Ä¶ https://t.co/BgYiOKmUnm
2019-02-06 01:06:28,Ideas 4 Investors,https://t.co/h8Oksxi3Hl &gt;&gt; World's Finest Social Media Network for Millennials is venturing into tapping the Power‚Ä¶ https://t.co/tanTUcCLxw
2019-02-06 00:36:22,ElliottWaves,All 78 instruments 4 hour charts are updated for members viewing https://t.co/x2kmaKA6Ui       #Indices #Stocks‚Ä¶ https://t.co/ZsNHxTYOTo
2019-02-06 00:34:32,ElliottWaves,Group 2 instruments  4 hour charts  are updated  for members viewing #ElliottWave #ES_F #NQ_F #TF_F #AAPL #PA_F‚Ä¶ https://t.co/55PWccvYky
2019-02-06 00:12:00,"Dr.Anirudh Sethi ,PhD","#AAPL
Eyes on $ 176.27 level.
Now crossover and close for 3 consecutive days will take to $185-187+
More to our Mem‚Ä¶ https://t.co/P2f0Yly4OA"
2019-02-06 00:10:36,A. M.,"@MadMoneyOnCNBC @jimcramer #AAPL should just buy #SNAP already @tim_cook and get into social space. #stocks

@cnbc @MadMoneyOnCNBC"
2019-02-05 23:58:36,MarketBeat,Apple's top retail exec to leave amid iPhone sales slowdown $AAPL #AAPL #Technology #Salesfigures‚Ä¶ https://t.co/CWe5vLfzBQ
2019-02-05 23:58:34,MarketBeat,Apple's top retail exec to leave amid iPhone sales slowdown $AAPL #AAPL #Technology #Salesfigures‚Ä¶ https://t.co/MH9sTYmjtA
2019-02-05 23:51:34,Fred Jones-West,Apple Stops Signing iOS 12.1.2 Following Release of iOS 12.1.3 https://t.co/Lh137lpzXn #AAPL
2019-02-05 23:50:12,ElliottWaves,Group 3 #Stocks &amp; #ETF's  4 &amp; 1 hour charts are updated  for members viewing #ElliottWave #BTC #AAPL #XOM #BAC‚Ä¶ https://t.co/5CYcA0Cw01
2019-02-05 23:33:49,Apoorv Sharma,Back where it belongs! #AAPL
2019-02-05 23:23:28,LawnMower Man Seeker Squirrel,RT @Trader_Mars: #AAPL - textbook reversal off the 200 week sma... forewarned is forearmed https://t.co/SA5QBOAKCD
2019-02-05 23:21:57,Fred Jones-West,"Apple Expands Transit Directions to New Areas, Introduces More Indoor Maps for Malls and Airports https://t.co/44LriF8aLc #AAPL"
2019-02-05 23:12:04,TrendSpider,"Trading earnings with Technical analysis. Blog post on playing both sides with #AAPL #Apple as an example. 

Link:‚Ä¶ https://t.co/inDHFMluF0"
2019-02-05 22:56:45,Tina Leonardi,Angela Ahrendts is leaving the company in April after serving in the role since 2014...  #apple #AAPL https://t.co/mraqe3Q1Ej
2019-02-05 22:46:30,Fred Jones-West,New Razer Blade Stealth vs. Apple's MacBooks https://t.co/08meyHri3Q #AAPL
2019-02-05 22:39:12,Classic,Island reversal patterns in #AAPL https://t.co/pm88nBZsRf
2019-02-05 22:30:15,Marie Claude China,"RT @SWIFTUNLOCK: Check February 03, 2019 at 09:15PM, Still Looking for #ALPHA ? Make $10 in BitCoin https://t.co/XIwmJpZSAB #roku #gpro #aa‚Ä¶"
2019-02-05 22:24:43,P. Ricatti,RT @Trader_Mars: #AAPL - textbook reversal off the 200 week sma... forewarned is forearmed https://t.co/SA5QBOAKCD
2019-02-05 22:21:19,Fred Jones-West,Democrats Send Letter to Tim Cook Asking for Answers About Group FaceTime Eavesdropping Flaw https://t.co/0w6vhDLAgy #AAPL
2019-02-05 22:20:14,Alisa G√ºm√º≈üay,"RT @xer000: Forex Best profits signals.üî•

Free crypto telegram channel, join https://t.co/WySo0i6oGj

#CRON #OIL #forexsignals #AMZN #GLD #‚Ä¶"
2019-02-05 22:15:07,Dario Mofardin,#AAPL - textbook reversal off the 200 week sma... forewarned is forearmed https://t.co/SA5QBOAKCD
2019-02-05 22:04:07,Apple Stock Bot,"Apple Inc price at close, 2019-02-05, is 174.18. #apple #AAPL"
2019-02-05 21:46:11,Fred Jones-West,"Angela Ahrendts Departing Apple in April, Deirdre O'Brien to Oversee Retail and People https://t.co/aPcpSpnGxO #AAPL"
2019-02-05 21:37:09,MarketSwingPlayer,ü§ì #AAPL Rocket Alert Trade Update: Up $9 in 2 days since rocket alert yesterday - Touch N GO with a Triple Twist.‚Ä¶ https://t.co/DkIWLsFZ07
2019-02-05 21:10:08,crocodile,"RT @Redfoo: #aapl if models bellow the iPhone X are being banned in China  , I guess that means more sales for iPhone X and up! üßê"
2019-02-05 21:02:31,MarkItJunkie,#AAPL ends the day at the 450MA
2019-02-05 20:47:52,Jason Brooks,"FAANG stocks leading the market,#Dow +153, #Nasdaq +52. #AAPL +1.6%, and #GOOG has turned it around, +1% after bein‚Ä¶ https://t.co/f5QRINNy67"
2019-02-05 20:46:56,Fred Jones-West,"Waffle, Flamingo, Otter, Sloth, Skunk, and Garlic Among New Emojis Coming to iOS in 2019 https://t.co/nxcuj5KNr4 #AAPL"
2019-02-05 20:19:36,BigDataFed,"While iPhone shipments were negatively impacted in China for several reasons, our calculation doesn't show Apple lo‚Ä¶ https://t.co/4LVvZrSgAR"
2019-02-05 20:00:06,MarketBeat,The top 10 books on Apple's iBooks-US $AAPL #AAPL #Mediadistribution #Media #Mobilemedia https://t.co/WJVzyO14NZ
2019-02-05 20:00:03,MarketBeat,The top 10 movies on the iTunes Store $AAPL #AAPL #Movies #Mediadistribution #Media https://t.co/B0EYjdIrMb
2019-02-05 20:00:02,MarketBeat,The top 10 books on Apple's iBooks-US $AAPL #AAPL #Mediadistribution #Media #Mobilemedia https://t.co/mcr6hsixbm
2019-02-05 20:00:00,MarketBeat,The top 10 movies on the iTunes Store $AAPL #AAPL #Movies #Mediadistribution #Media https://t.co/CFxZCt7RUO
2019-02-05 19:39:15,Jason Brooks,@ESscalper pretty amazing to think of #AAPL's power as one stock.  It fell over 25% from 10/3-1/2....as the overall‚Ä¶ https://t.co/2ctu09rriK
2019-02-05 19:08:54,Ghino di Tacco,@CryptOwenWilson have u ever worked at topeka securities?? #goodolddays #aapl
2019-02-05 18:35:37,SHM,$xbit is it the return of the dead? #fb #tsla #aapl
2019-02-05 18:21:19,Fred Jones-West,Apple Seeds Second Public Beta of macOS Mojave 10.14.4 https://t.co/mR63zxgFjz #AAPL
2019-02-05 18:21:18,Fred Jones-West,Apple Seeds Second Public Beta of tvOS 12.2 for Fourth and Fifth-Generation Apple TV https://t.co/wu8GR4fkFd #AAPL
2019-02-05 17:12:28,Griffin Mohsen,"Forex Best profits signals.üí•

For Free signals, join telegram- https://t.co/57gJJ2acqI

#CRON #fx #USO #BTC #FB‚Ä¶ https://t.co/yQIC2FjJMi"
2019-02-05 17:11:52,Fred Jones-West,Second Public Beta of iOS 12.2 Coming Today https://t.co/Eb7qoq9G7w #AAPL
2019-02-05 17:09:48,FOREX Sara,"Forex Best profits signals.

Don't miss your chance, join telegram- https://t.co/kevv7iTLxh

#forexsignals #AAPL‚Ä¶ https://t.co/dgTh4YVvvA"
2019-02-05 17:02:55,Himani chopra,"Forex Best profits signals.

For more info, join telegram https://t.co/rydHCeCrJ0

#CRON #OIL #FB #AAPL #UNG #AMZN‚Ä¶ https://t.co/CXHXlCJZ5M"
2019-02-05 16:47:26,Fred Jones-West,Fuse's Side Kick Adds a Pop Socket to Your MacBook Pro Charger for Cord Winding https://t.co/c2miAx07f0 #AAPL
2019-02-05 16:38:42,ElliottWaves,All 78 instruments 1 hour charts are updated for members viewing https://t.co/x2kmaKA6Ui      #Indices #Stocks #ETF‚Ä¶ https://t.co/ViUxMwpWWi
2019-02-05 16:36:42,Fred Jones-West,"Apple Launches Annual 'Back to School' Promotion in Japan, Offers Free Gift Cards With Select Macs, iPad Pros https://t.co/6JfKCrpLrT #AAPL"
2019-02-05 16:36:36,cheri1,"RT @MysteryTrader99: $AAPL Daily: #AAPL 13MA never recrossed BC, it then exploded upward into earnings (reversing Upper BB). Since then it‚Ä¶"
2019-02-05 16:31:01,Dekker Hewett Group,"Dekker Hewett Group | Morning Coffee - Tuesday, February 5, 2019: ""Football is like life it requires perseverance,‚Ä¶ https://t.co/PPI9pAB9O2"
2019-02-05 16:26:57,TheExecutionVenue,$AAPL fibs https://t.co/HmQXiROxMb #AAPL | Trade with us @ https://t.co/6gNj3Cxius
2019-02-05 16:23:09,Parth shanker Upadhyaya,"Forex Best profits signals.üî•

Don't miss your chance, join telegram- https://t.co/FrU2cwTmN3

#TSLA #CRON #UNG #TRX‚Ä¶ https://t.co/RRUDl3jyRi"
2019-02-05 16:21:17,Aashraya Yogi,"Forex Best profits signals.

Free crypto telegram channel, join https://t.co/WySo0i6oGj

#AAPL #TSLA #AMZN #FB #OIL‚Ä¶ https://t.co/uwzGjD1ARm"
2019-02-05 16:14:13,Mystery Trader,"$AAPL Daily: #AAPL 13MA never recrossed BC, it then exploded upward into earnings (reversing Upper BB). Since then‚Ä¶ https://t.co/WtQ1a1vcXf"
2019-02-05 15:55:48,MillTicket,It had no reason being down there in the first place. Still a buy at these levels it‚Äôs currently at #AAPL https://t.co/x9zmfZFPox
2019-02-05 15:55:01,Parichay Sidana,"Forex Best profits signals.üî•

Free crypto telegram channel, join https://t.co/zSPsEcn0uC

#AAPL #OIL #AMZN #FB‚Ä¶ https://t.co/f5pyN5eyVn"
2019-02-05 15:46:37,Fred Jones-West,"Apple Music's New Memoji Billboards Highlight Grammy Nominees Shawn Mendes, Ariana Grande, and Kacey Musgraves https://t.co/69gHNQ95Uc #AAPL"
2019-02-05 15:38:28,Chris Will,"RT @Market_Taker: Group Coaching: Looking at an AAPL bull call spread

#stockmarket #stocks #trading #options #optionstrading #optionseduca‚Ä¶"
2019-02-05 15:37:50,Market Taker,"Group Coaching: Looking at an AAPL bull call spread

#stockmarket #stocks #trading #options #optionstrading‚Ä¶ https://t.co/z7Lul01oAS"
2019-02-05 15:27:35,Stan Bunger,"RT @brookskcbsradio: #AAPL back on top of the market cap lead at $822B, $7B more than #MSFT and $8B more than #AMZN.  Apple is up over 20-p‚Ä¶"
2019-02-05 15:25:57,Jason Brooks,"#AAPL back on top of the market cap lead at $822B, $7B more than #MSFT and $8B more than #AMZN.  Apple is up over 2‚Ä¶ https://t.co/FLITk88NVj"
2019-02-05 15:21:25,Fred Jones-West,Apple Faces Class Action Lawsuit Over Erroneous 'This Accessory May Not Be Supported' Alerts https://t.co/XS4CLxQUbL #AAPL
2019-02-05 14:59:03,Ja. ALHamad,Apple vs Netflix #AAPL #NFLX https://t.co/7L8JItVae2
2019-02-05 14:57:02,Meghdad,"#baba running great
#aapl #sq the best since I have it lol
#ba #fb don‚Äôt play too risky. They are at the border to‚Ä¶ https://t.co/2aQWX5jA8i"
2019-02-05 14:57:02,Steve Job's Ghost,"RT @AAATrade: ‚Äòif you can‚Äôt beat them, buy them.‚Äô - Should #Apple buy #Netflix?
Read more: https://t.co/fBIOdOpQGt

#AAPL #NFLX $AAPL $NFLX‚Ä¶"
2019-02-05 14:52:09,Fred Jones-West,"Sonos Debuts New In-Wall, In-Ceiling, and Outdoor Speakers With AirPlay 2 Support https://t.co/9Zc2SQgwdo #AAPL"
2019-02-05 14:47:58,Meghdad,"Bot #aapl calls upon open for this week and next week and will hold till tomorrow.
Bot #sq calls this week, will see how it goes today."
2019-02-05 14:42:52,AAATrade,"‚Äòif you can‚Äôt beat them, buy them.‚Äô - Should #Apple buy #Netflix?
Read more: https://t.co/fBIOdOpQGt

#AAPL #NFLX‚Ä¶ https://t.co/OyxShKUBfh"
2019-02-05 14:11:22,EquityMongoose,#Google Declines as Rising Costs and 'Other Bets' Questions Cloud Solid Q4 #GOOGL #MSFT #AAPL #SPX #DJIA #NASDAQ‚Ä¶ https://t.co/6isjIyyyJn
2019-02-05 14:06:56,Fred Jones-West,Eve's HomeKit-Enabled Light Strip Now Available for Purchase https://t.co/rigCAwUKbs #AAPL
2019-02-05 13:34:02,Ron Giese,#RT #ContestAlert #giveaway #contest #sweeps #win #AI #apple #appleNews #AppleEvent #AAPL #LetsGoOilers iDrop News‚Ä¶ https://t.co/lWrs8m2In7
2019-02-05 13:31:50,Fred Jones-West,HomePod Struggling to Gain Market Share Alongside Cheaper Amazon Echo and Google Home Speakers https://t.co/kRmwvCwsqc #AAPL
2019-02-05 12:44:11,Griffin Mohsen,"Forex Best profits signals.üî•

For Free crypto signals https://t.co/57gJJ2acqI

#UNG #OIL #forexsignals #AAPL #GLD‚Ä¶ https://t.co/RzjY4dQmgY"
2019-02-05 12:36:12,Himani chopra,"Forex Best profits signals.

Free crypto telegram channel, join https://t.co/rydHCeCrJ0

#BTC #fx #FB #TRX #UNG‚Ä¶ https://t.co/qBhtvjDV2G"
2019-02-05 12:34:49,FOREX Sara,"Forex Best profits signals.üî•

For Free signals, join telegram- https://t.co/kevv7iTLxh

#UNG #OIL #TSLA #BTT #GLD‚Ä¶ https://t.co/SQBiJTmRgs"
2019-02-05 12:34:06,MarketSwingPlayer,#AAPL Lot's of traders sizzled if shorted that one near resistance $167 MSP Bot said a battle play. The Dual Play t‚Ä¶ https://t.co/vujjNrvubB
2019-02-05 12:28:06,MarketSwingPlayer,"üöÄ $AAPL Performs Fantastic Touch-And-Go, With Two Rolls - #AAPL #Bloomberg #CNBC #trading #QQQ #SPY https://t.co/t3RqmM9kGa"
2019-02-05 12:27:55,Ephraim Golgher,"RT @i_Know_First: Apple Stock Forecast: Why Apple Will Release A New Mac Mini This Year
Read the Full Article Here: https://t.co/UMAJZZXbEJ‚Ä¶"
2019-02-05 12:25:54,Nancy Giese,#RT #giveaway #contest #sweeps #win #AI #apple #appleNews #AppleEvent #AAPL #YearofThePig iDrop News is giving away‚Ä¶ https://t.co/V6VMNWcpcV
2019-02-05 12:25:25,Nancy Giese,#RT #ContestAlert #giveaway #contest #sweeps #win #AI #apple #appleNews #AppleEvent #AAPL #LetsGoOilers‚Ä¶ https://t.co/BsDJTUELAR
2019-02-05 12:24:12,MarketSwingPlayer,"üöÄF-16 Performs Fantastic Touch-And-Go, With Two Rolls - #AAPL #NVDA Last Rocket Alerts @ https://t.co/dZgBzdRm3o‚Ä¶ https://t.co/rlqQCWKCl9"
2019-02-05 12:02:44,Young Simon,"Forex Best profits signals.üí•

Don't miss your chance, join telegram- https://t.co/Lbb0FwJIdV

#fx #TRX #GLD #GOOG‚Ä¶ https://t.co/NUUKoKd3Z4"
2019-02-05 11:55:08,Parth shanker Upadhyaya,"Forex Best profits signals.üî•

Don't miss your chance, join telegram- https://t.co/FrU2cwTmN3

#FB #fx #CRON #BTT‚Ä¶ https://t.co/ZN8H6Q7YeD"
2019-02-05 11:53:22,Aashraya Yogi,"Forex Best profits signals.üî•

For free signals, join telegram https://t.co/WySo0i6oGj

#GOOG #fx #AMZN #TSLA #TRX‚Ä¶ https://t.co/WNPw7JZXD5"
2019-02-05 11:53:20,Max HarryHindsight Capital,"RT @flyalex666: Apple agreed to pay 10 years of back taxes worth ‚Ç¨500M to French IRS. 
#AAPL
https://t.co/nY88STCnN6"
2019-02-05 11:53:01,alex,"Apple agreed to pay 10 years of back taxes worth ‚Ç¨500M to French IRS. 
#AAPL
https://t.co/nY88STCnN6"
2019-02-05 11:46:38,Fred Jones-West,Apple Pay Expands to BNP Paribas and HSBC Banks in France https://t.co/ArJnss2yGV #AAPL
2019-02-05 11:25:17,Parichay Sidana,"Forex Best profits signals.üî•

For free signals, join telegram https://t.co/zSPsEcn0uC

#fx #UNG #USO #AMZN #TRX‚Ä¶ https://t.co/lL8fCHkAbS"
2019-02-05 11:16:59,(mae)STRO STORES,"RT @aapltrdng: FEBRUARY @apple HEART ‚ô•Ô∏è MONTH

@apple Watch Series 4 With ECG App and irregular Heart Rhythm Notification  Available @aaplt‚Ä¶"
2019-02-05 10:36:11,Fred Jones-West,Apple Agrees Deal With France to Pay $571 million in Back-Taxes https://t.co/D6YJehElqF #AAPL
2019-02-05 10:11:24,Fred Jones-West,"Apple Supplier of iPhone 3D Optical Sensors Warns of Weak First Quarter Outlook, Skips Dividend https://t.co/SYQA9t5DyZ #AAPL"
2019-02-05 06:57:01,Steve Job's Ghost,"RT @zachlark: Dear @Apple
YOU SUCK!!

#TimCook you are #Ballmerizing #AAPL

you have just about bricked the iPhone 6, 3-4yr old iMacs and g‚Ä¶"
2019-02-05 06:06:31,Zachary Lark,"Dear @Apple
YOU SUCK!!

#TimCook you are #Ballmerizing #AAPL

you have just about bricked the iPhone 6, 3-4yr old i‚Ä¶ https://t.co/CJg8zRyj9F"
2019-02-05 05:28:17,digiburster,"RT @Raceytherunner: Look whats on @DXdotExchange from 7th January 
#USD 
#EUR 
#JPY 
#GBP 
#USDT 
#BTC 
#ETH 
#BCH 
#XRP 
#LTC 
#DASH 
#DGB‚Ä¶"
2019-02-05 05:23:51,Andy Race,"RT @Raceytherunner: Look whats on @DXdotExchange from 7th January 
#USD 
#EUR 
#JPY 
#GBP 
#USDT 
#BTC 
#ETH 
#BCH 
#XRP 
#LTC 
#DASH 
#DGB‚Ä¶"
2019-02-05 02:46:26,Fred Jones-West,2018 MacBook Air's FaceTime HD Camera Quality Issue https://t.co/a5Am4SJxxd #AAPL
2019-02-05 02:38:42,MarketSwingPlayer,üë†MSP ALGO Trading Club coming sometime in 2019 after done with social  app. Would've focused on Swing Trades - MSP‚Ä¶ https://t.co/0EGeOYxa59
2019-02-05 02:27:17,MarketSwingPlayer,ü§ì #TWTR / #AAPL Just an example of Dual Support / Resistance but did you know #TWTR have Earning coming this week.‚Ä¶ https://t.co/Wj88o0YQM3
2019-02-05 02:26:21,albertoalbano,"RT @eToro: Strong #Earnings are lifting markets. 

Giant companies, such as #IBM and $PG, both #DJ30 components, had a positive impact on t‚Ä¶"
2019-02-05 02:23:26,MarketSwingPlayer,"ü§©Past Post e-Hash DUAL Support/Resistance on MSP ALGO Options Playbook Alerts, know stock gonna make a move if brea‚Ä¶ https://t.co/t8nJWwjzp3"
2019-02-05 02:15:18,SWIFT Unlock SWIFTUNLOCK.COM |#1 USA Direct Source,"Check February 04, 2019 at 09:15PM, Still Looking for #ALPHA ? Make $10 in BitCoin https://t.co/XIwmJpZSAB #roku‚Ä¶ https://t.co/EbH7AQksWX"
2019-02-05 01:11:31,ElliottWaves,All 78 instruments 4 hour charts are updated for members viewing https://t.co/x2kmaKA6Ui     #Indices #Stocks #ETF'‚Ä¶ https://t.co/nfgqAi47rO
2019-02-05 01:06:33,eXWorld Technology News,"""Apple again became the world‚Äôs most valuable company today, but only for a few seconds""  https://t.co/U1JB9OS7yk #AAPL"
2019-02-05 00:34:30,Markas B Koke,"#AAPL doesn't want to have anything to do with ""DebtFlixs"" books #NFLX so forget about it. üìäüßê#wallstgame"
2019-02-05 00:15:41,Michael Mosby,"My last 6 stock purchases are producing! $600 to $685. Not much, but better than my savings account. #stockpile‚Ä¶ https://t.co/hSj9oBqz3f"
2019-02-04 23:18:14,Griffin Mohsen,"Forex Best profits signals.üî•

For Free crypto signals https://t.co/57gJJ2acqI

#CRON #forex #BTC #UNG #GLD #OIL‚Ä¶ https://t.co/jVbEFWd48t"
2019-02-04 23:10:35,FOREX Sara,"Forex Best profits signals.üî•

Free crypto telegram channel, join https://t.co/kevv7iTLxh

#AAPL #AMZN #BTC #GLD‚Ä¶ https://t.co/rIXceu7zZ9"
2019-02-04 23:10:17,FOREX Sara,"Forex Best profits signals.üí•

Don't miss your chance, join telegram- https://t.co/kevv7iTLxh

#forex #USO #fx #CRON‚Ä¶ https://t.co/Fpk9AVfzkW"
2019-02-04 23:03:10,Himani chopra,"Forex Best profits signals.üí•

For Free crypto signals https://t.co/rydHCeCrJ0

#AMZN #GOOG #CRON #GLD #OIL #TRX‚Ä¶ https://t.co/Dh6CrjyAao"
2019-02-04 22:35:48,Young Simon,"Forex Best profits signals.

For more info, join telegram https://t.co/Lbb0FwJIdV

#CRON #OIL #forexsignals #AAPL‚Ä¶ https://t.co/JHA6wkeKL5"
2019-02-04 22:35:31,Young Simon,"Forex Best profits signals.üí•

For Free crypto signals https://t.co/Lbb0FwJIdV

#AMZN #TRX #GLD #GOOG #fx #CRON #BTT‚Ä¶ https://t.co/hOm0jieMaA"
2019-02-04 22:32:21,Aashraya Yogi,"Forex Best profits signals.üî•

Free crypto telegram channel, join https://t.co/WySo0i6oGj

#CRON #OIL #forexsignals‚Ä¶ https://t.co/vgvJHges3M"
2019-02-04 22:27:22,Parth shanker Upadhyaya,"Forex Best profits signals.

For 10x gains, join Telegram- https://t.co/FrU2cwTmN3

#AMZN #FB #USO #forex‚Ä¶ https://t.co/qzMjhZx72U"
2019-02-04 22:27:05,Parth shanker Upadhyaya,"Forex Best profits signals.

Free crypto telegram channel, join https://t.co/FrU2cwTmN3

#forexsignals #UNG #GOOG‚Ä¶ https://t.co/DnLuuqihfW"
2019-02-04 22:05:35,Apple Stock Bot,"Apple Inc price at close, 2019-02-04, is 171.25. #apple #AAPL"
2019-02-04 21:56:10,Fred Jones-West,"Gmail, Google Docs and Google Sheets Gain Support for 2018 iPad Pro Models https://t.co/HUEDrmcvlh #AAPL"
2019-02-04 21:51:58,Parichay Sidana,"Forex Best profits signals.üí•

For 10x gains, join Telegram- https://t.co/zSPsEcn0uC

#GLD #OIL #fx #UNG #BTC #TRX‚Ä¶ https://t.co/E02i2zF43s"
2019-02-04 20:51:25,Fred Jones-West,Roku in Talks With Apple About AirPlay 2 Support https://t.co/sWFrlmZlQA #AAPL
2019-02-04 20:46:31,Fred Jones-West,Buggy iOS 12.2 Beta 2 Lock Screen Shows Battery Percentage Instead of Date https://t.co/wguoR4mWau #AAPL
2019-02-04 20:33:03,Jason Brooks,"Nice comeback by the #Dow today, +94, big assist to #AAPL +2.8%.  #NASDAQ +65 . #GOOG earnings after the closing be‚Ä¶ https://t.co/PsGzbAs9wk"
2019-02-04 20:22:25,Dr. Wendell Craig,"#Apple could buy #Netflix, but it would cost $189B, analyst says https://t.co/wMucAdFE4A #nflx #AAPL #technology‚Ä¶ https://t.co/GeKFpoJnc8"
2019-02-04 20:16:20,Fred Jones-West,Some AT&amp;T iPhones Displaying Misleading '5G E' Icon in iOS 12.2 Beta 2 https://t.co/eVAPPY1t3R #AAPL
2019-02-04 19:39:18,MarketSwingPlayer,#AAPL MSP ALGO Options Playbook - üöÄRocket Alerts  - Support/Resistance  $AAPL #SPY #Trading #WealthManagement‚Ä¶ https://t.co/LI5HSjwUV9
2019-02-04 19:36:08,Fred Jones-West,"Apple Introduces New Giraffe, Shark, Owl and Boar Animoji in iOS 12.2 Beta https://t.co/NEfAa3WIzB #AAPL"
2019-02-04 18:54:09,Organized Trader NYC,"Apple Inc. AAPL. As correctly forecasted 3 hours ago, increase after 12 o‚Äôclock. Ready to short? Forecasting a decr‚Ä¶ https://t.co/5BIzVcz77a"
2019-02-04 18:37:35,Jake Dollarhide,"Sonos Shares Jump as JPMorgan Suggests a Strategic Fit for Apple https://t.co/I3kFngkA2I via @YahooFinance  Hmmm, t‚Ä¶ https://t.co/3wjTkvwqQW"
2019-02-04 18:27:28,Andrew,"Apple #AAPL back above US$170. Agree that a bear case can be made here.  But when you are swimming in cash, have a‚Ä¶ https://t.co/Jj0KO2CETG"
2019-02-04 18:21:23,Fred Jones-West,Apple Seeds Second Beta of macOS Mojave 10.14.4 to Developers https://t.co/Hvu7f4Dc7e #AAPL
2019-02-04 18:21:22,Fred Jones-West,Apple Seeds Second Beta of watchOS 5.2 to Developers https://t.co/BgVbIC4AUj #AAPL
2019-02-04 18:17:00,Fred Jones-West,Apple Seeds Second Beta of Upcoming tvOS 12.2 Update to Developers https://t.co/PQZ4haf7ML #AAPL
2019-02-04 17:27:32,MarketSwingPlayer,#AAPL I AM sure lots of shorts got caught with that Rocket Alert - Most likely short covering helped price excel an‚Ä¶ https://t.co/NlG56SleFO
2019-02-04 17:26:37,Fred Jones-West,Apple Releasing Second Developer Beta of iOS 12.2 Today https://t.co/Z6vFKseoAM #AAPL
2019-02-04 17:25:05,Stock Market Education - Price Level Trading,JPMorgan runs Apple-Netflix merger idea up the flagpole again - Apple Inc. (NASDAQ:AAPL) | Seeking Alpha‚Ä¶ https://t.co/WgtqeZmDcd
2019-02-04 17:20:56,Jason Brooks,"We didn't have many ho-hum days like this in Q4. #Dow turns positive , +30, #Nasdaq +66, #AAPL doing a lot of heavy‚Ä¶ https://t.co/IiY0rWHjkX"
2019-02-04 17:20:15,MarketSwingPlayer,üöÄ #AAPL Invest Recommendation After Earnings Update: Up $9 Recommend entry was near $160 Did a Touch N GO Rocket Al‚Ä¶ https://t.co/awhFUb5GHw
2019-02-04 17:16:04,All About Technology,Apple Exploring New Glass Panel MacBook Keyboards That Could End Sticky Key Problems https://t.co/2aT3K51S3t #aapl
2019-02-04 17:02:52,Fred Jones-West,Apple Begins Selling Refurbished iPhone X Models Starting at $769 https://t.co/s5c0gCnl1T #AAPL
2019-02-04 16:26:46,Fred Jones-West,Deals Spotlight: B&amp;H Photo Discounting Large Selection of Apple Watch Series 3 Models https://t.co/xQCeAdemjL #AAPL
2019-02-04 16:22:11,ElliottWaves,All 78 instruments 1 hour charts are updated for members viewing https://t.co/x2kmaKA6Ui    #Indices #Stocks #ETF's‚Ä¶ https://t.co/2xQj0h8H0P
2019-02-04 16:21:58,Fred Jones-West,Apple to Limit Accelerometer and Gyroscope Access in Safari on iOS 12.2 for Privacy Reasons https://t.co/L267sW8CsX #AAPL
2019-02-04 15:50:06,Meghdad,"Bot #aapl upon open and sold for %50 gain, sold it early :("
2019-02-04 15:06:17,Rich Gas ‚ùå‚ùå‚ùå‚ùå,"RT @RichGas8: @business Fantastic....currently the FED is complicit with corrupt Mainstream financial news organizations, Hedge fund manage‚Ä¶"
2019-02-04 14:57:07,Organized Trader NYC,Apple Inc. AAPL 9:55am. Quick jump followed by a sharp drop and after an increase to above 169.30 by 12 o‚Äôclock.‚Ä¶ https://t.co/gdV9UAba8h
2019-02-04 14:11:41,Fred Jones-West,Target Begins Apple Pay Rollout at Select Locations https://t.co/UN6rbDUDQv #AAPL
2019-02-04 13:41:25,Fred Jones-West,Microsoft Working on SDK That Will Expand Xbox Live Features to More Games on iOS https://t.co/JeTRdSjwCi #AAPL
2019-02-04 13:39:35,Leverage Shares ETPs,"Is now the time to buy #Apple (AAP2)? 8/10 analysts are bullish on the #stock, as #sales are expected to surge. The‚Ä¶ https://t.co/tdNXivVL5g"
2019-02-04 13:28:13,Ron Giese,#RT #SuperBowlSunday #Giveaway #win #contest #ContestAlert #Apple #appleNews #appleEvent #AAPL iDrop News is giving‚Ä¶ https://t.co/osrxLsE9PA
2019-02-04 13:27:49,Ron Giese,#RT #Brady #Edelman #ContestAlert #giveaway #contest #sweeps #win #AI #apple #appleNews #AppleEvent #AAPL iDrop New‚Ä¶ https://t.co/46gF7XINGc
2019-02-04 12:37:48,Fred Jones-West,Deals Spotlight: Get a $100 iTunes Gift Card for $85 via PayPal on eBay https://t.co/ITPO9GnLH9 #AAPL
2019-02-04 12:07:26,Fred Jones-West,"Anker Opens Pre-Orders for First MFi Lightning to USB-C cable, Shipping February 20 https://t.co/qeXGywzZiD #AAPL"
2019-02-04 11:26:11,Fred Jones-West,Apple Exploring New Glass Panel MacBook Keyboards That Could End Sticky Key Problems https://t.co/NgieC6eBfG #AAPL
2019-02-04 11:11:27,Paolo Sammartino,One of the major financial players on the ground shared #AAPL will rock soon ! https://t.co/0DGghWq3Ay
2019-02-04 10:11:17,Fred Jones-West,WhatsApp for iPhone Now Lets You Lock App With Face ID or Touch ID https://t.co/c56RLP5k7z #AAPL
2019-02-04 09:38:12,Elliottwave,https://t.co/xlt2178kxu &gt; Learn to trade the right side through blue boxes and right side tags. Start your free 14‚Ä¶ https://t.co/soigbdglnR
2019-02-04 09:38:10,Elliott Wave Daud,https://t.co/RROlNk7XqK &gt; Learn to trade the right side through blue boxes and right side tags. Start your free 14‚Ä¶ https://t.co/Kt38z5mm2W
2019-02-04 09:38:07,Elliottwave Forecast,https://t.co/RSEuPJp09U &gt; Learn to trade the right side through blue boxes and right side tags. Start your free 14‚Ä¶ https://t.co/5VnEYHi6X0
2019-02-04 07:58:38,MarketBeat,DA Davidson Raises Apple Q2 2019 Earnings Estimates to $2.25 EPS (Previously $2.14). https://t.co/EbEbPC0ebT $AAPL #AAPL
2019-02-04 03:27:13,Prabhu Ram,The next wave of @Apple's growth would be powered by #services. I believe @Apple would need to ramp-up on its music‚Ä¶ https://t.co/uvAMnql8ib
2019-02-04 02:15:23,SWIFT Unlock SWIFTUNLOCK.COM |#1 USA Direct Source,"Check February 03, 2019 at 09:15PM, Still Looking for #ALPHA ? Make $10 in BitCoin https://t.co/XIwmJpZSAB #roku‚Ä¶ https://t.co/CynYNmJtU5"
2019-02-04 00:21:22,Chris Will,RT @elliottwaves: All 78 instruments charts are updated in 4 time frames for members viewing https://t.co/x2kmaKA6Ui #Indices #Stocks #ETF'‚Ä¶
2019-02-04 00:19:13,ElliottWaves,All 78 instruments charts are updated in 4 time frames for members viewing https://t.co/x2kmaKA6Ui #Indices #Stocks‚Ä¶ https://t.co/ysB8NXbw7m
2019-02-03 23:23:48,eXWorld Technology News,Apple's stock could soar if it bundles media: Morgan Stanley #aapl  https://t.co/397DR8InrD
2019-02-03 23:12:03,TrendSpider,"Trading earnings with Technical analysis. Blog post on playing both sides with #AAPL #Apple as an example. 

Link:‚Ä¶ https://t.co/0hTycPp9ML"
2019-02-03 23:11:24,Suzie Smith,RT @stannabozny: The Big Five FAANG Stock and Sector Service is now posted for Sunday https://t.co/bihMz399my‚Ä¶
2019-02-03 22:32:14,Katie Lowry,#AAPL baby https://t.co/cbUQJutuy2
2019-02-03 22:31:18,Spider*Man,$AAPL Every time Market is Up I plan that I will buy the stocks on pullbacküîú. Pullback happens - I think it will go‚Ä¶ https://t.co/0r7GK9jcpN
2019-02-03 22:17:28,forex trader,RT @zeroleverage: Any rally of #aapl is a selling opportunity over the long term . #thebigpicture
2019-02-03 21:15:42,Mike Janes,#AAPL @Apple Services https://t.co/zIKUtvgSEa
2019-02-03 20:55:39,Stan N,The Big Five FAANG Stock and Sector Service is now posted for Sunday https://t.co/bihMz399my‚Ä¶ https://t.co/Y7KvhbRdLE
2019-02-03 19:48:57,InteractiveSwingTrading,"https://t.co/rjLxWeH4HY

Notice how they refer to it as a ""bug"".  Apple spent 4 billion on R&amp;D last quarter and the‚Ä¶ https://t.co/OPYBWwCiIu"
2019-02-03 18:30:27,Trading inside,RT @zeroleverage: Any rally of #aapl is a selling opportunity over the long term . #thebigpicture
2019-02-03 17:32:40,zeroleverage,Any rally of #aapl is a selling opportunity over the long term . #thebigpicture
2019-02-03 13:25:56,Adam Novotny,"Apple key earnings metrics (1/29/19):
- revenue $84B (services $11B), -5% qoq
- net income $20B
- operating cash fl‚Ä¶ https://t.co/WIQU1zuN5h"
2019-02-03 12:50:08,Elliottwave Forecast,https://t.co/32feSehTo2 &gt; Get regular updates and #Trading setups on various #Stocks #ETFs and #Bitcoin with a Free‚Ä¶ https://t.co/8n4P7kHfq8
2019-02-03 11:46:27,Bongz Axelrodüá∫üá∏üáøüá¶,"RT @sava360com: ‚ÄúHow much is your privacy worth to you? If it's a lot, buy #Apple products.‚Äù - #BobLefsetz #AAPL"
2019-02-03 11:43:45,Sava360,"‚ÄúHow much is your privacy worth to you? If it's a lot, buy #Apple products.‚Äù - #BobLefsetz #AAPL"
2019-02-03 09:00:12,Wayne Graham,"Last weeks price action on Dow, Apple üçé news cemented the move up on Tuesday after close #happy trading ü§ù #Dow #AAPL https://t.co/466hTVSAx9"
2019-02-03 08:47:57,WioAI,"RT @ruskamartin: So what‚Äôs next? That is Mr. Cook‚Äôs biggest challenge.

Apple has been working on artificial intelligence and self-driving‚Ä¶"
2019-02-03 07:27:53,Wassim Azhari,Apple in the start of wave b  - #AAPL chart https://t.co/Ro4uCb1Nwz
2019-02-03 06:54:51,Ruska/Mart√≠n Berlin,"So what‚Äôs next? That is Mr. Cook‚Äôs biggest challenge.

Apple has been working on artificial intelligence and self-d‚Ä¶ https://t.co/5irncQ5eM2"
2019-02-03 04:57:02,Steve Job's Ghost,"RT @Iamanirudhsethi: #AAPL
#Apple
After warning given by #timcook .......in just 21 sessions from $ 142 to 169
Market cap in last 21 sessio‚Ä¶"
2019-02-03 04:36:43,"Dr.Anirudh Sethi ,PhD","#AAPL
#Apple
After warning given by #timcook .......in just 21 sessions from $ 142 to 169
Market cap in last 21 ses‚Ä¶ https://t.co/QGaMizEDHK"
2019-02-03 04:10:44,BenCasey1,"Why Facebook Is Now More Attractive Than Apple

https://t.co/tZpFGBJhHD
$AAPL $FB #Apple #Facebook #stocksto‚Ä¶ https://t.co/D5HsiAmKxh"
2019-02-03 03:58:44,David Taylor,"Why Facebook Is Now More Attractive Than Apple

https://t.co/6qAFuWoo0q
$AAPL $FB #Apple #Facebook #stocksto‚Ä¶ https://t.co/mpdpMV33rV"
2019-02-03 02:15:16,SWIFT Unlock SWIFTUNLOCK.COM |#1 USA Direct Source,"Check February 02, 2019 at 09:15PM, Still Looking for #ALPHA ? Make $10 in BitCoin https://t.co/XIwmJpZSAB #roku‚Ä¶ https://t.co/3EoRhktMAi"
2019-02-03 02:05:44,Tradelogsite,"#AAPL
Open: 166.96
Close: 166.44
Daily Range: 165.93 - 168.98
Earnings date: Apr 29, 2019 - May 3, 2019"
2019-02-03 00:42:34,Incognita,"RT @RichGas8: @business Fantastic....currently the FED is complicit with corrupt Mainstream financial news organizations, Hedge fund manage‚Ä¶"
2019-02-03 00:32:43,Rich Gas ‚ùå‚ùå‚ùå‚ùå,"@business Fantastic....currently the FED is complicit with corrupt Mainstream financial news organizations, Hedge f‚Ä¶ https://t.co/7jJ9NmdyQ6"
2019-02-02 21:57:46,Alex Moreno,APPLE - #AAPL chart https://t.co/gDlZGYPnuc
2019-02-02 20:41:24,MattBurns,"Why Facebook Is Now More Attractive Than Apple

https://t.co/2MB6t4MXvM
$AAPL $FB #Apple #Facebook #stocksto‚Ä¶ https://t.co/slPQ3B9YX4"
2019-02-02 20:37:53,Don Right,"Why Facebook Is Now More Attractive Than Apple

https://t.co/JRvRCB07bi
$AAPL $FB #Apple #Facebook #stocksto‚Ä¶ https://t.co/q7qltvqvOu"
2019-02-02 16:11:11,Precision Capital Investments Group,beat ear bu price action is weak  - #AAPL chart https://t.co/WnV7INDuRu
2019-02-02 08:44:17,Don Right,"Why Facebook Is Now More Attractive Than Apple

https://t.co/JRvRCBhIzS
$AAPL $FB #Apple #Facebook #stocksto‚Ä¶ https://t.co/dvuGUbFn2S"
2019-02-02 06:04:57,Gary Thomson,"Why Facebook Is Now More Attractive Than Apple

https://t.co/ZJAUCXA5NR
$AAPL $FB #Apple #Facebook #stocksto‚Ä¶ https://t.co/hxrg0SDYoj"
2019-02-02 05:29:31,Ephraim Golgher,"Why Facebook Is Now More Attractive Than Apple

$AAPL $FB #Apple #Facebook #stocksto #stockstowatch‚Ä¶ https://t.co/OYbP5N9vxx"
2019-02-02 02:50:00,TradingView Espa√±ol,#AAPL - APPLE - TradingView - https://t.co/Um0YXNHrDM
2019-02-02 02:30:00,TradingView Espa√±ol,#AAPL - APPLE - TradingView - https://t.co/mbOModRYqU
2019-02-02 02:15:04,SWIFT Unlock SWIFTUNLOCK.COM |#1 USA Direct Source,"Check February 01, 2019 at 09:15PM, Still Looking for #ALPHA ? Make $10 in BitCoin https://t.co/XIwmJpZSAB #roku‚Ä¶ https://t.co/6sIs7mJVbn"
2019-02-02 00:03:46,Kuradodelaprisa,#AAPL Justa as we have fallen together we will now rise together. Great earnings release!
2019-02-01 23:45:39,Titan Pop Culture,"Join Robinhood and we'll both get a stock for free! Make sure you use THIS link below.

The more people you bring t‚Ä¶ https://t.co/TZRSsMQKm6"
2019-02-01 23:12:03,TrendSpider,"Trading earnings with Technical analysis. Blog post on playing both sides with #AAPL #Apple as an example. 

Link:‚Ä¶ https://t.co/6n2FyHxFe7"
2019-02-01 23:09:18,Fred Jones-West,Apple Exec Overseeing Siri Departs Role https://t.co/c8Y9ffP9xj #AAPL
2019-02-01 22:34:27,Fred Jones-West,'Flexgate' Display Issues Affecting 2016 MacBook Pro and Later https://t.co/y5cneyxDED #AAPL
2019-02-01 22:19:48,Fred Jones-West,Amazon Prime Video App for Apple TV Gains 'X-Ray' Feature https://t.co/3pAnyrt42s #AAPL
2019-02-01 22:14:42,Ashiwani Kumar Singh,"RT @SamMiklosko: Apple, Facebook And Tesla Update For Shareholders via forbes #investing #mutualfunds #TSLA #FB #AAPL https://t.co/HkrxRUMx‚Ä¶"
2019-02-01 22:14:39,Ashiwani Kumar Singh,"RT @MarketocracyInc: Apple, Facebook And Tesla Update For Shareholders via @forbes #investing #mutualfunds #TSLA #FB #AAPL https://t.co/ok4‚Ä¶"
2019-02-01 22:01:55,Apple Stock Bot,"Apple Inc price at close, 2019-02-01, is 166.52. #apple #AAPL"
2019-02-01 21:58:50,Sam,"Apple, Facebook And Tesla Update For Shareholders via forbes #investing #mutualfunds #TSLA #FB #AAPL https://t.co/HkrxRUMxu6"
2019-02-01 21:52:15,Marketocracy,"Apple, Facebook And Tesla Update For Shareholders via @forbes #investing #mutualfunds #TSLA #FB #AAPL https://t.co/ok4Si0Uvry"
2019-02-01 21:44:24,Fred Jones-West,iPhone Sales Growing Following Price Cuts in China https://t.co/DHwCMbilUQ #AAPL
2019-02-01 21:37:47,Kassy Meisel,"@RevShark @DougKass #AAPL had record numbers, yup. terrible report . lol"
2019-02-01 21:15:12,Big_T,"RT @BigBoyEby: First, have a trading plan. Make rules. Follow your rules. Never break the rules. Last learn to have patients.

#AAPL #BA #s‚Ä¶"
2019-02-01 20:03:22,ElliottWaves,All 78 instruments 1 hour charts are updated for members viewing https://t.co/x2kmaKA6Ui    #Indices #Stocks #ETF's‚Ä¶ https://t.co/IRej0wENGI
2019-02-01 19:47:20,CHIAGBAIZU SHENK,"RT @aapltrdng: FEBRUARY @apple HEART ‚ô•Ô∏è MONTH

@apple Watch Series 4 With ECG App and irregular Heart Rhythm Notification  Available @aaplt‚Ä¶"
2019-02-01 19:47:17,CHIAGBAIZU SHENK,"RT @aapltrdng: FEBRUARY @apple HEART ‚ô•Ô∏è MONTH

@apple Watch Series 4 With ECG App and irregular Heart Rhythm Notification  Available @aaplt‚Ä¶"
2019-02-01 19:47:14,CHIAGBAIZU SHENK,"RT @aapltrdng: FEBRUARY @apple HEART ‚ô•Ô∏è MONTH

@apple Watch Series 4 With ECG App and irregular Heart Rhythm Notification  Available @aaplt‚Ä¶"
2019-02-01 19:45:53,AAPLTrdNg VENTURES,"FEBRUARY @apple HEART ‚ô•Ô∏è MONTH

@apple Watch Series 4 With ECG App and irregular Heart Rhythm Notification  Availab‚Ä¶ https://t.co/OnscuqHDly"
2019-02-01 19:45:05,AAPLTrdNg VENTURES,"FEBRUARY @apple HEART ‚ô•Ô∏è MONTH

@apple Watch Series 4 With ECG App and irregular Heart Rhythm Notification  Availab‚Ä¶ https://t.co/EOdYigi4cI"
2019-02-01 19:44:20,AAPLTrdNg VENTURES,"FEBRUARY @apple HEART ‚ô•Ô∏è MONTH

@apple Watch Series 4 With ECG App and irregular Heart Rhythm Notification  Availab‚Ä¶ https://t.co/4Ldrwrx91L"
2019-02-01 19:22:27,Josh Eby (Big Boy),"First, have a trading plan. Make rules. Follow your rules. Never break the rules. Last learn to have patients.‚Ä¶ https://t.co/e8sT6gDDQi"
2019-02-01 19:13:54,Josh Eby (Big Boy),"$NTES Bought a bull put spread, just about stopped out 1 penny away made 30% gains on this trade.  Sold it at there‚Ä¶ https://t.co/DzAbNndhc3"
2019-02-01 19:13:52,MarketBeat,Foxconn again shifts Wisconsin plan after Trump intervenes $AAPL #AAPL #Stategovernments #Productionfacilities‚Ä¶ https://t.co/4fdIQYIGNO
2019-02-01 19:13:49,MarketBeat,Foxconn again shifts Wisconsin plan after Trump intervenes $AAPL #AAPL #Stategovernments #Productionfacilities‚Ä¶ https://t.co/LphVvM6HNp
2019-02-01 19:09:05,Fred Jones-West,MacRumors Giveaway: Win a UV iPhone Sanitizer From PhoneSoap https://t.co/oAT2RGXTMn #AAPL
2019-02-01 19:04:33,Fred Jones-West,"Deals Spotlight: Save 30% on Incipio's Qi Mats, Battery Packs, and Other Charging Accessories https://t.co/QKGAKgR6cH #AAPL"
2019-02-01 18:40:59,Kevin Uhles,"This is retail, but not as we know it. Apple is bolstering its investment in experiential retail, with expansive fl‚Ä¶ https://t.co/YYm2XZW3JB"
2019-02-01 18:36:19,Bull & Bear Fund,Shows the power of forward looking earnings. What are your thoughts? #AMZN #AAPL https://t.co/6TwhOU5m7X
2019-02-01 18:32:00,Saleem Khan | #JOVRNALISM founder,"RT @JOVRNALISM: Apple plans 3D cameras for augmented reality in 2020 iPhone
https://t.co/Fjvt9MCxAM

#JOVRNALISM
#AR #ARind #ARtech
#journa‚Ä¶"
2019-02-01 17:14:35,Marcy Vardeman,Love #AAPL
2019-02-01 17:05:12,Fred Jones-West,Group FaceTime Will Remain Permanently Disabled on iOS 12.1.3 and Earlier https://t.co/Uyg1W37Pqg #AAPL
2019-02-01 16:20:00,ElliottWaves,All 78 instruments 1 hour charts are updated for members viewing https://t.co/x2kmaKA6Ui    #Indices #Stocks #ETF's‚Ä¶ https://t.co/28BFqqDFrH
2019-02-01 16:09:59,By_Caballero dot biz,"@karaswisher I think Scott's on to something-- maybe no one ""trusts"" the companies that make all their products in‚Ä¶ https://t.co/RPqoGSNQ1c"
2019-02-01 15:05:01,Fred Jones-West,"App Store, Apple Music, and iTunes Down for Some iOS 11 Users https://t.co/cpM9of2kJ8 #AAPL"
2019-02-01 14:24:18,Fred Jones-West,"Apple Apologizes About FaceTime Bug, Software Update With Fix Delayed Until Next Week https://t.co/Pr9mxnGiix #AAPL"
2019-02-01 13:51:34,MarketBeat,DA Davidson Lowers Apple FY2020 Earnings Estimates to $10.62 EPS (Previously $11.02). https://t.co/WWdLEUyNsD $AAPL #AAPL
2019-02-01 13:31:57,MarketBeat,Oppenheimer Lowers Apple FY2019 Earnings Estimates to $11.74 EPS (Previously $11.88). https://t.co/wxIaeSddLp $AAPL #AAPL
2019-02-01 13:25:23,Anƒ±l Demir,"#sp500 #eurusd #usd #trump #aoc #tsla #aapl #amzn
There is no need for explaining because you can see... https://t.co/DGBXxGNkuF"
2019-02-01 13:14:24,Fred Jones-West,Apple Promotes Heart Health With Activity Challenge and Apple Store Events Throughout February https://t.co/XobK3y1m40 #AAPL
2019-02-01 12:50:16,Apple Educate,RT @Nancerelli2: #RT #FridayFeeling #ContestAlert #giveaway #contest #sweeps #win #AI #apple #appleNews #AppleEvent #AAPL #LetsGoOilers #We‚Ä¶
2019-02-01 12:43:30,MarketBeat,Wedbush Lowers Apple Q2 2019 Earnings Estimates to $2.45 EPS (Previously $2.85). https://t.co/ohqDPaVWIs $AAPL #AAPL
2019-02-01 12:43:30,MarketBeat,Piper Jaffray Companies Lowers Apple Q2 2019 Earnings Estimates to $2.40 EPS (Previously $3.04). https://t.co/A775OdzVVd $AAPL #AAPL
2019-02-01 12:43:28,MarketBeat,KeyCorp Lowers Apple Q2 2019 Earnings Estimates to $2.45 EPS (Previously $2.95). https://t.co/Rzx3jVJAnR $AAPL #AAPL
2019-02-01 12:43:24,MarketBeat,Jefferies Financial Group Lowers Apple Q2 2019 Earnings Estimates to $2.40 EPS (Previously $2.73). https://t.co/7nEjAKtouZ $AAPL #AAPL
2019-02-01 12:17:03,Nancy Giese,#RT #FridayFeeling #ContestAlert #giveaway #contest #sweeps #win #AI #apple #appleNews #AppleEvent #AAPL‚Ä¶ https://t.co/PnmazEomrh
2019-02-01 12:16:47,Nancy Giese,#RT #FridayFeeling #Giveaway #win #contest #ContestAlert #Apple #appleNews #appleEvent #AAPL #LetsGoOilers‚Ä¶ https://t.co/dBWGUsHG58
2019-02-01 08:25:36,Dan Parks,Apple iOS 12.1.4 Release: It's A Big One #aapl #smhq https://t.co/xpAbHwBSKa
2019-02-01 03:30:43,ElliottWaves,All 78 instruments 1 hour charts are updated for members viewing https://t.co/x2kmaKA6Ui   #Indices #Stocks #ETF's‚Ä¶ https://t.co/J5wySvpcDx
2019-02-01 03:05:37,Christophe Louvion,Watching who is going to reclaim a $1T market cap is better than any March Madness season. #goog #amzn #aapl #msft
2019-02-01 03:04:11,MarketBeat,Facebook says Apple is restoring a key developer tool $AAPL #AAPL #Technology #Socialmedia #Onlinemedia https://t.co/Z8ntCdKIer
2019-02-01 03:04:08,MarketBeat,Facebook says Apple is restoring a key developer tool $AAPL #AAPL #Technology #Socialmedia #Onlinemedia https://t.co/KUMGgWOqJW
2019-02-01 02:16:31,Naresh Nambisan üáÆüá≥,"#Technicalanalysis rockz. #GE gave 60%, #AAPL gave 17%. If u observed in both cases, Good news came after TA identi‚Ä¶ https://t.co/jnR1k9IESB"
2019-02-01 02:15:25,SWIFT Unlock SWIFTUNLOCK.COM |#1 USA Direct Source,"Check January 31, 2019 at 09:15PM, Still Looking for #ALPHA ? Make $10 in BitCoin https://t.co/XIwmJpZSAB #roku‚Ä¶ https://t.co/UWS9aUgggi"
2019-02-01 01:15:19,MarketBeat,The Latest: Apple axes Google access to key developer tool $AAPL #AAPL #Technology #Socialmedia #Onlinemedia https://t.co/xzlKz2Ssuu
2019-02-01 01:15:15,MarketBeat,The Latest: Apple axes Google access to key developer tool $AAPL #AAPL #Technology #Socialmedia #Onlinemedia https://t.co/82Jp1u5LTO
2019-02-01 00:13:21,David Garrity,@matthewmalia The conflict between #AAPL &amp; #FB over #DataUse &amp; #Privacy is of primary importance here while the tac‚Ä¶ https://t.co/kjOz1Kzeza
2019-02-01 00:01:05,Eso,Oh to be young again. #ACB #AAPL https://t.co/nmZs6cPtpU
2019-01-31 23:47:24,Fred Jones-West,"Nintendo's Next Mobile Game Will Be 'Dr. Mario World,' Developed in Partnership With LINE https://t.co/Xh76Qdx01s #AAPL"
2019-01-31 23:42:45,Commodities Trips,RT @elliottwaves: All 78 instruments 4 hour charts are updated for members viewing https://t.co/x2kmaKA6Ui    #Indices #Stocks #ETF's #Comm‚Ä¶
2019-01-31 23:42:10,ElliottWaves,All 78 instruments 4 hour charts are updated for members viewing https://t.co/x2kmaKA6Ui    #Indices #Stocks #ETF's‚Ä¶ https://t.co/7XkwXTzQXP
2019-01-31 23:41:11,ElliottWaves,Group 3 #Stocks &amp; #ETF's   1 hour charts are updated  for members viewing #ElliottWave #BTC #AAPL #XOM #BAC #AMZN‚Ä¶ https://t.co/nJIloDWu9z
2019-01-31 23:07:23,Fred Jones-West,Five of the Best Email Apps on iOS https://t.co/7zQxO6xvn6 #AAPL
2019-01-31 22:51:32,MarketBeat,Facebook says Apple its restoring key developer tool $AAPL #AAPL #Technology #Socialmedia #Onlinemedia https://t.co/Olc0kulwoU
2019-01-31 22:51:29,MarketBeat,Facebook says Apple its restoring key developer tool $AAPL #AAPL #Technology #Socialmedia #Onlinemedia https://t.co/c9LiGaJuqh
2019-01-31 22:46:56,Precision Capital Investments Group,had a nice run beat er - #AAPL chart https://t.co/y3CJNrWEy5
2019-01-31 22:27:23,David Garrity,"@matthewmalia Read this: ""#AAPL responded by cutting off 
#FB‚Äôs access to apps &amp; updates that it was working on int‚Ä¶ https://t.co/WHM9lAScPp"
2019-01-31 22:09:23,Daniel Vassallo,"#AMZN posts a $10B profit for 2018 and a 4.3% net margin on $232B sales. To reach #AAPL's valuation of 13.5 P/E,‚Ä¶ https://t.co/feb1T9CIKB"
2019-01-31 22:00:58,Apple Stock Bot,"Apple Inc price at close, 2019-01-31, is 166.44. #apple #AAPL"
2019-01-31 22:00:53,Eric Homan,Did ok on #AAPL #Straddle but had Puts as well as chalk that up to a learning moment to leg into the contracts next‚Ä¶ https://t.co/eMpq64TAyg
2019-01-31 21:47:33,Fred Jones-West,Apple Shuts Down All of Google's Internal Apps for Abusing Enterprise Certificate https://t.co/vi1Duxfi5V #AAPL
2019-01-31 21:38:49,Rob Aitken,The demise of #AAPL has been greatly exaggerated. #timestamp https://t.co/Y3YgxOFyyk
2019-01-31 21:07:04,Fred Jones-West,Questionable Rumor Suggests iOS 13 Will Drop Compatibility for iPhone 5s Through iPhone 6s https://t.co/5psBojJ0Zk #AAPL
2019-01-31 20:54:51,Cydonia Capital Management,RT @andreascseh: How can a mediocre to cheap crap #Apple be even worth $1.00 billion? #AAPL @stevekovach https://t.co/cXvsznG2K2
2019-01-31 20:53:42,Caesar Flickerman,RT @andreascseh: How can a mediocre to cheap crap #Apple be even worth $1.00 billion? #AAPL @stevekovach https://t.co/cXvsznG2K2
2019-01-31 20:53:14,Andreas Cseh,How can a mediocre to cheap crap #Apple be even worth $1.00 billion? #AAPL @stevekovach https://t.co/cXvsznG2K2
2019-01-31 20:22:58,Jason Dotson,"RT @BrodmannOTC: $BEMG Shes ready. L2 looks prime, hits coming in. Something big must be coming. 

#Options #Stocks #Money #FOMC #Puts #Cal‚Ä¶"
2019-01-31 20:22:12,Opticonica,"RT @BrodmannOTC: $BEMG Shes ready. L2 looks prime, hits coming in. Something big must be coming. 

#Options #Stocks #Money #FOMC #Puts #Cal‚Ä¶"
2019-01-31 20:17:18,Invenit History,"RT @eToro: Strong #Earnings are lifting markets. 

Giant companies, such as #IBM and $PG, both #DJ30 components, had a positive impact on t‚Ä¶"
2019-01-31 20:02:56,Fred Jones-West,One Drop Glucose Monitor Gains Personal Diabetes Assistant and Health Records Integration https://t.co/p30f0YEYbB #AAPL
2019-01-31 19:22:24,AppleWand,RT @MarketBeatNews: From corn to Apple: The cases behind the US-China standoff $AAPL #AAPL #Computerhardwaremanufacturing #Informationtechn‚Ä¶
2019-01-31 19:22:03,MarketBeat,From corn to Apple: The cases behind the US-China standoff $AAPL #AAPL #Computerhardwaremanufacturing‚Ä¶ https://t.co/F4SlkH3BMb
2019-01-31 19:22:00,MarketBeat,From corn to Apple: The cases behind the US-China standoff $AAPL #AAPL #Computerhardwaremanufacturing‚Ä¶ https://t.co/9J6InvD785
2019-01-31 19:13:21,Diogo Q Andrade,"RT @JOVRNALISM: Apple plans 3D cameras for augmented reality in 2020 iPhone
https://t.co/Fjvt9MCxAM

#JOVRNALISM
#AR #ARind #ARtech
#journa‚Ä¶"
2019-01-31 19:12:06,Fred Jones-West,Apple's iOS 12.1.4 Update to Fix FaceTime Eavesdropping Bug Showing Up in Analytics https://t.co/zPnrkgHU0e #AAPL
2019-01-31 18:57:27,Fred Jones-West,'Divinity: Original Sin 2 - Definitive Edition' Now Available on Mac https://t.co/u3zFq5T32N #AAPL
2019-01-31 18:54:05,JOVRNALISM by Saleem Khan,"Apple plans 3D cameras for augmented reality in 2020 iPhone
https://t.co/Fjvt9MCxAM

#JOVRNALISM
#AR #ARind #ARtech‚Ä¶ https://t.co/PfCoU6QRau"
2019-01-31 18:42:05,Fred Jones-West,Qualcomm Demands German Court Fine Apple for Continuing to Sell iPhones After Ban https://t.co/Sye12FHyrg #AAPL
2019-01-31 18:07:49,Fred Jones-West,Puma Debuts $330 iPhone-Connected Self-Lacing Sneakers to Compete With Nike https://t.co/t23onOWSwW #AAPL
2019-01-31 17:33:07,Fred Jones-West,Canadian Law Firm Applies for Class Action Lawsuit Over FaceTime Bug https://t.co/DZ6OL9FUOg #AAPL
2019-01-31 17:15:37,John Taylor,"Dow Jones posed for a 50%-60% crash soon? Crash by Feb 19 2019? 
https://t.co/RLYK6Fifkw ‚Ä¶ ‚Ä¶ ‚Ä¶ ‚Ä¶ ‚Ä¶ ‚Ä¶ ‚Ä¶ ‚Ä¶‚Ä¶ https://t.co/3rEldGE9Qm"
2019-01-31 16:58:14,CryptHawk,"$AAPL - BATS - #NASDAQ

Keep that long going from $150, target is still the same 0.382 at $177-$178 and a potential‚Ä¶ https://t.co/9KwEQ0Py0s"
2019-01-31 16:47:27,Fred Jones-West,Apple Shipped 14.5M iPads in Holiday Quarter According to Strategy Analytics https://t.co/OqTUZ0xMTm #AAPL
2019-01-31 16:34:55,Zack Carpinello,RT @RealZackClayton: We will be able to take 3D pictures on Apple devices very soon #AAPL #Apple #Iphone #Market #Tech
2019-01-31 16:30:14,Mashable Middle East,"#Apple plans to launch iPhones with a more powerful, #laser-based #3D #camera as soon as 2020. #AAPL‚Ä¶ https://t.co/NCLgriTRj8"
2019-01-31 16:29:25,ZMark,"RT @AmenityNLP: .@Apple (#AAPL) released a detailed update in its negative pre-announcement in early January, and that has been followed by‚Ä¶"
2019-01-31 16:23:51,Wolf,Stopped right at the gap - #AAPL chart https://t.co/MGDhRdKLVf
2019-01-31 16:22:40,Fred Jones-West,iPhone SE Makes Third Appearance on Apple's Clearance Store at $249‚ÄîAct Fast https://t.co/WDmuIPUozr #AAPL
2019-01-31 16:13:52,CryptoVirgil,Imagine not getting on on $AAPL/#AAPL for a 10% gain through our algorithm. Works just as well on Legacy markets as‚Ä¶ https://t.co/lQ1OyxRcw5
2019-01-31 15:46:55,Meghdad,"#aapl barely has any red candle on 5 min chart wow
#tsla short seller are quiting nice
#amd too risky but it could go higher or lower"
2019-01-31 15:44:38,Meghdad,Sold my #aapl #amd calls for this week early :( but got already next week calls for #tsla and #aapl
2019-01-31 15:37:23,Fred Jones-West,"Criterion Collection Launching $11/Month Streaming Service in April, Coming to tvOS and iOS https://t.co/zLYQ9qf6Oj #AAPL"
2019-01-31 15:32:05,nete bab,"FED,2018 December and 2019 January..
@CNN @cnnbrk @FoxNews @NBCNews @CBSNews @ABC @business @latimes @MSNBC‚Ä¶ https://t.co/0ln58OOPYf"
2019-01-31 15:08:19,Fred Jones-West,FuboTV Rolls Out Apple TV App Integration https://t.co/zQI45wCKGD #AAPL
2019-01-31 14:58:15,Amenity Analytics,".@Apple (#AAPL) released a detailed update in its negative pre-announcement in early January, and that has been fol‚Ä¶ https://t.co/Eo1HeaSjVY"
2019-01-31 14:57:43,Fred Jones-West,"Hulu's New 'Pause Ad' Experience Coming Q2 2019, Will Not Play Audio/Video Every Time You Pause https://t.co/Kwrzl0PHYx #AAPL"
2019-01-31 14:53:57,HotHardware,"#Apple #Cripples #Facebook Dev Ops In Policy Violation #PowerPlay, Who's Next? https://t.co/y5U8JBWCVs via @HotHardware #AAPL #FB #ItsON"
2019-01-31 14:45:57,WarmaneTrade,#AAPL #APPLE #AAPLUSD BATS H4 #TRADING TARGET https://t.co/56vCodWooJ
2019-01-31 14:43:31,Zack Clayton,We will be able to take 3D pictures on Apple devices very soon #AAPL #Apple #Iphone #Market #Tech
2019-01-31 14:41:46,Zack Carpinello,We will be able to take 3D pictures on Apple devices very soon #AAPL #Apple #Iphone #Market #Tech
2019-01-31 14:37:20,Fred Jones-West,"UltraViolet Digital Movie Locker Service Will Close on July 31, 2019 https://t.co/DEr4i5Tiy7 #AAPL"
2019-01-31 14:37:18,Brodmann,"$LTNC Nice hits coming in on a .0001 lotto! 

#Options #Stocks #Money #FOMC #Puts #Calls #AAPL #SPY $CGC $APHA $ACB‚Ä¶ https://t.co/6tDqqH5H95"
2019-01-31 14:27:21,Fred Jones-West,Intel Names Robert Swan CEO Following Reports That Apple's Johny Srouji Was a Candidate https://t.co/TqYGveFAuP #AAPL
2019-01-31 14:08:31,Fred Jones-West,Compal Expected to Assemble iPad Mini 5 Launching 'Later in 2019' https://t.co/c08eHZmiJ2 #AAPL
2019-01-31 14:04:44,MarketBeat,KeyCorp Lowers Apple Q4 2019 Earnings Estimates to $2.65 EPS (Previously $2.99). https://t.co/CTilsdibRG $AAPL #AAPL
2019-01-31 14:03:34,I Know First,"Apple Stock Forecast: Why Apple Will Release A New Mac Mini This Year
Read the Full Article Here:‚Ä¶ https://t.co/PkW3d0ZGpc"
2019-01-31 13:58:42,Jonny Oates ‚≠êÔ∏è‚≠êÔ∏è‚≠êÔ∏è,"RT @LpassesS: Re the DOW... 

$NYSE $NASDAQ #GE #AAPL #AMZN"
2019-01-31 13:57:55,Jonny Oates ‚≠êÔ∏è‚≠êÔ∏è‚≠êÔ∏è,"RT @LpassesS: Re the DOW... 

$NYSE $NASDAQ #GE #AAPL #AMZN"
2019-01-31 13:45:40,MarketBeat,Oppenheimer Lowers Apple Q2 2019 Earnings Estimates to $2.38 EPS (Previously $2.57). https://t.co/9cpppSAxjT $AAPL #AAPL
2019-01-31 13:45:22,MarketBeat,Wedbush Lowers Apple Q3 2019 Earnings Estimates to $2.19 EPS (Previously $2.38). https://t.co/JtUQZCMZ9K $AAPL #AAPL
2019-01-31 13:45:18,MarketBeat,Piper Jaffray Companies Lowers Apple Q3 2019 Earnings Estimates to $2.32 EPS (Previously $2.51). https://t.co/1rA4Qtqa3j $AAPL #AAPL
2019-01-31 13:29:48,Ron Giese,#RT #ThursdayThoughts #Giveaway #win #contest #ContestAlert #Apple #appleNews #appleEvent #AAPL #LetsGoOilers‚Ä¶ https://t.co/tWylJKVDyx
2019-01-31 13:29:29,Ron Giese,#RT #ThursdayThoughts #ContestAlert #giveaway #contest #sweeps #win #AI #apple #appleNews #AppleEvent #AAPL iDrop N‚Ä¶ https://t.co/cUkqVwrQBH
2019-01-31 13:29:06,Ron Giese,#RT #ThursdayThoughts #ContestAlert #giveaway #contest #sweeps #win #AI #apple #appleNews #AppleEvent #AAPL‚Ä¶ https://t.co/SP59WINNoi
2019-01-31 13:18:33,SLpassesEntry,"Re the DOW... 

$NYSE $NASDAQ #GE #AAPL #AMZN"
2019-01-31 12:44:34,Elliott Wave Daud,https://t.co/xX2d3cwi7H &gt; Access regularly updated charts and #Trading setups in various #Stocks and #ETFs with a F‚Ä¶ https://t.co/k43cqZYNig
2019-01-31 12:44:31,Elliottwave Forecast,https://t.co/EDB2qBHUDG &gt; Access regularly updated charts and #Trading setups in various #Stocks and #ETFs with a F‚Ä¶ https://t.co/glTzrP6frl
2019-01-31 12:17:46,Pruthvi Raj,"#Future #generations #suffering with #infectious #diseases.
#save #children and #protect them from #harmful‚Ä¶ https://t.co/ZDuvIR83Z8"
2019-01-31 12:11:46,prahlad401,RT @JamesOw13462681: Apple has a no phone no services policy! Someone alert the FTC! #ftc #ftcqcom #qcom #fb #v #msft #qualcomm #AAPL #tsla
2019-01-31 11:37:29,Fred Jones-West,'Rome: Total War' iOS Update Brings New Playable Factions and Game Features https://t.co/Qx9HRI2UWU #AAPL
2019-01-31 11:37:22,Juice,"You break it down to different channelss.

The Board of Directore past/present gave us cancer. Add that movie scrip‚Ä¶ https://t.co/xhQuVHeSnH"
2019-01-31 11:30:09,David Garrity,"@ClaudLupos Let‚Äôs see how well $FB deals with prospect of being shut out of $AAPL AppStore. It‚Äôs #AAPL‚Äôs world, #FB‚Ä¶ https://t.co/RXQRMubioC"
2019-01-31 11:07:44,Dennis,just one month later! #apple #AAPL #stockstowatch #stocks #trade #trading #Trader #tradingiseasy https://t.co/Lz2UYtc56F
2019-01-31 10:47:13,Fred Jones-West,Nintendo Delays Launch of 'Mario Kart Tour' Mobile Game Until Summer https://t.co/WHC42qYT8X #AAPL
2019-01-31 10:30:41,Wild Goose,@DavidBCollum The ‚ÄòU‚Äô in ‚ÄòUSB‚Äô obviously standing for ‚ÄòUnusable by people idiot enough to continue to be ripped off‚Ä¶ https://t.co/Ba5ZFC0Ahu
2019-01-31 10:25:03,Live Trading News,"The Street‚Äôs Key #Stock Analysts Research Reports: $#FOLD, $#AAPL, $#CCL, $#CEIN, $#CXO, $‚Ä¶ https://t.co/lGLWSAYbWD"
2019-01-31 08:16:31,FJ,Warning again- China slow down is chronic this time &amp; any limited trade deal along w/ stimulus frm the Chinese govt‚Ä¶ https://t.co/TqN7Xfy5VJ
2019-01-31 07:37:50,Derrick Price,@GS_CapSF You see the huge gap up in #AAPL yesterday? I had to close out my options early because they had already‚Ä¶ https://t.co/hTNwDkIGxS
2019-01-31 07:04:20,Aman Kabir,"RT @AmanKabirMPS: Dow Jones: on the way down, look for strong support/resistance levels at 24,717, 20,410, and 17,747:
https://t.co/oxaCH5o‚Ä¶"
2019-01-31 06:03:50,stckmkts,#APPLE MONTHLY HAMMER AT MULTI YEAR TREND SUPPORT #FED #NASDAQ - #AAPL chart https://t.co/ArdVFV5Ntt
2019-01-31 06:03:19,The Art of Chart,RT @stannabozny: The Big Five FAANG Stock and Sector Service is now posted for Wednesday https://t.co/bihMz399my‚Ä¶
2019-01-31 05:58:09,Boss,Claimed 50 MA - #AAPL chart https://t.co/6t7F0B0ouD
2019-01-31 03:41:01,Ol_crow,"RT @BrodmannOTC: $BEMG Shes ready. L2 looks prime, hits coming in. Something big must be coming. 

#Options #Stocks #Money #FOMC #Puts #Cal‚Ä¶"
2019-01-31 03:07:21,Stan N,The Big Five FAANG Stock and Sector Service is now posted for Wednesday https://t.co/bihMz399my‚Ä¶ https://t.co/RHY0bIfqD8
2019-01-31 03:04:17,Rob Smith,I could definitely see #AAPL doing a Prime-style #rundle.  It would make total sense for Apple‚Äôs future growth. https://t.co/C6QnciujGT
2019-01-31 02:56:34,Michael Alonza Prentice Ware,"Good day üòä 
#OptionsTrading #Stocks #AAPL $SPY https://t.co/ShYAwg7hb1"
2019-01-31 02:37:45,Trading Signal,"Signals : $AAPL (Daily)
#AAPL #apple #tradingsignal #balance https://t.co/9KtJHsrnF6"
2019-01-31 02:16:25,FirstToMarkets,Apple Inc  Reiterated Rating by UBS (Ranked 6th) to Buy with $185PT $AAPL #AAPL https://t.co/DWfFaFU7hD
2019-01-31 02:16:22,FirstToMarkets,Apple Inc  Reiterated Rating by Bank of America (Ranked 45th) to Neutral with $180PT $AAPL #AAPL https://t.co/DWfFaFU7hD
2019-01-31 02:15:16,SWIFT Unlock SWIFTUNLOCK.COM |#1 USA Direct Source,"Check January 30, 2019 at 09:15PM, Still Looking for #ALPHA ? Make $10 in BitCoin https://t.co/XIwmJpZSAB #roku‚Ä¶ https://t.co/oKbnHljeU8"
